CREATE DATABASE  IF NOT EXISTS `wdi_europe_and_america` /*!40100 DEFAULT CHARACTER SET utf8 */;
USE `wdi_europe_and_america`;
-- MySQL dump 10.13  Distrib 5.7.17, for Win64 (x86_64)
--
-- Host: 127.0.0.1    Database: wdi_europe_and_america
-- ------------------------------------------------------
-- Server version	5.7.17-log

/*!40101 SET @OLD_CHARACTER_SET_CLIENT=@@CHARACTER_SET_CLIENT */;
/*!40101 SET @OLD_CHARACTER_SET_RESULTS=@@CHARACTER_SET_RESULTS */;
/*!40101 SET @OLD_COLLATION_CONNECTION=@@COLLATION_CONNECTION */;
/*!40101 SET NAMES utf8 */;
/*!40103 SET @OLD_TIME_ZONE=@@TIME_ZONE */;
/*!40103 SET TIME_ZONE='+00:00' */;
/*!40014 SET @OLD_UNIQUE_CHECKS=@@UNIQUE_CHECKS, UNIQUE_CHECKS=0 */;
/*!40014 SET @OLD_FOREIGN_KEY_CHECKS=@@FOREIGN_KEY_CHECKS, FOREIGN_KEY_CHECKS=0 */;
/*!40101 SET @OLD_SQL_MODE=@@SQL_MODE, SQL_MODE='NO_AUTO_VALUE_ON_ZERO' */;
/*!40111 SET @OLD_SQL_NOTES=@@SQL_NOTES, SQL_NOTES=0 */;

--
-- Table structure for table `country`
--

DROP TABLE IF EXISTS `country`;
/*!40101 SET @saved_cs_client     = @@character_set_client */;
/*!40101 SET character_set_client = utf8 */;
CREATE TABLE `country` (
  `CountryCode` varchar(5) NOT NULL,
  `CountryName` varchar(35) NOT NULL
) ENGINE=InnoDB DEFAULT CHARSET=utf8;
/*!40101 SET character_set_client = @saved_cs_client */;

--
-- Dumping data for table `country`
--

LOCK TABLES `country` WRITE;
/*!40000 ALTER TABLE `country` DISABLE KEYS */;
INSERT INTO `country` VALUES ('AFG','Afghanistan'),('ALB','Albania'),('DZA','Algeria'),('ASM','American Samoa'),('ADO','Andorra'),('AGO','Angola'),('ATG','Antigua and Barbuda'),('ARG','Argentina'),('ARM','Armenia'),('ABW','Aruba'),('AUS','Australia'),('AUT','Austria'),('AZE','Azerbaijan'),('BHS','Bahamas, The'),('BHR','Bahrain'),('BGD','Bangladesh'),('BRB','Barbados'),('BLR','Belarus'),('BEL','Belgium'),('BLZ','Belize'),('BEN','Benin'),('BMU','Bermuda'),('BTN','Bhutan'),('BOL','Bolivia'),('BIH','Bosnia and Herzegovina'),('BWA','Botswana'),('BRA','Brazil'),('VGB','British Virgin Islands'),('BRN','Brunei Darussalam'),('BGR','Bulgaria'),('BFA','Burkina Faso'),('BDI','Burundi'),('CPV','Cabo Verde'),('KHM','Cambodia'),('CMR','Cameroon'),('CAN','Canada'),('CYM','Cayman Islands'),('CAF','Central African Republic'),('TCD','Chad'),('CHI','Channel Islands'),('CHL','Chile'),('CHN','China'),('COL','Colombia'),('COM','Comoros'),('ZAR','Congo, Dem. Rep.'),('COG','Congo, Rep.'),('CRI','Costa Rica'),('CIV','Cote d\'Ivoire'),('HRV','Croatia'),('CUB','Cuba'),('CUW','Curacao'),('CYP','Cyprus'),('CZE','Czech Republic'),('DNK','Denmark'),('DJI','Djibouti'),('DMA','Dominica'),('DOM','Dominican Republic'),('ECU','Ecuador'),('EGY','Egypt, Arab Rep.'),('SLV','El Salvador'),('GNQ','Equatorial Guinea'),('ERI','Eritrea'),('EST','Estonia'),('ETH','Ethiopia'),('FRO','Faroe Islands'),('FJI','Fiji'),('FIN','Finland'),('FRA','France'),('PYF','French Polynesia'),('GAB','Gabon'),('GMB','Gambia, The'),('GEO','Georgia'),('DEU','Germany'),('GHA','Ghana'),('GIB','Gibraltar'),('GRC','Greece'),('GRL','Greenland'),('GRD','Grenada'),('GUM','Guam'),('GTM','Guatemala'),('GIN','Guinea'),('GNB','Guinea-Bissau'),('GUY','Guyana'),('HTI','Haiti'),('HND','Honduras'),('HKG','Hong Kong SAR, China'),('HUN','Hungary'),('ISL','Iceland'),('IND','India'),('IDN','Indonesia'),('IRN','Iran, Islamic Rep.'),('IRQ','Iraq'),('IRL','Ireland'),('IMY','Isle of Man'),('ISR','Israel'),('ITA','Italy'),('JAM','Jamaica'),('JPN','Japan'),('JOR','Jordan'),('KAZ','Kazakhstan'),('KEN','Kenya'),('KIR','Kiribati'),('PRK','Korea, Dem. People’s Rep.'),('KOR','Korea, Rep.'),('KSV','Kosovo'),('KWT','Kuwait'),('KGZ','Kyrgyz Republic'),('LAO','Lao PDR'),('LVA','Latvia'),('LBN','Lebanon'),('LSO','Lesotho'),('LBR','Liberia'),('LBY','Libya'),('LIE','Liechtenstein'),('LTU','Lithuania'),('LUX','Luxembourg'),('MAC','Macao SAR, China'),('MKD','Macedonia, FYR'),('MDG','Madagascar'),('MWI','Malawi'),('MYS','Malaysia'),('MDV','Maldives'),('MLI','Mali'),('MLT','Malta'),('MHL','Marshall Islands'),('MRT','Mauritania'),('MUS','Mauritius'),('MEX','Mexico'),('FSM','Micronesia, Fed. Sts.'),('MDA','Moldova'),('MCO','Monaco'),('MNG','Mongolia'),('MNE','Montenegro'),('MAR','Morocco'),('MOZ','Mozambique'),('MMR','Myanmar'),('NAM','Namibia'),('NRU','Nauru'),('NPL','Nepal'),('NLD','Netherlands'),('NCL','New Caledonia'),('NZL','New Zealand'),('NIC','Nicaragua'),('NER','Niger'),('NGA','Nigeria'),('MNP','Northern Mariana Islands'),('NOR','Norway'),('OMN','Oman'),('PAK','Pakistan'),('PLW','Palau'),('PAN','Panama'),('PNG','Papua New Guinea'),('PRY','Paraguay'),('PER','Peru'),('PHL','Philippines'),('POL','Poland'),('PRT','Portugal'),('PRI','Puerto Rico'),('QAT','Qatar'),('ROM','Romania'),('RUS','Russian Federation'),('RWA','Rwanda'),('WSM','Samoa'),('SMR','San Marino'),('STP','Sao Tome and Principe'),('SAU','Saudi Arabia'),('SEN','Senegal'),('SRB','Serbia'),('SYC','Seychelles'),('SLE','Sierra Leone'),('SGP','Singapore'),('SXM','Sint Maarten (Dutch part)'),('SVK','Slovak Republic'),('SVN','Slovenia'),('SLB','Solomon Islands'),('SOM','Somalia'),('ZAF','South Africa'),('SSD','South Sudan'),('ESP','Spain'),('LKA','Sri Lanka'),('KNA','St. Kitts and Nevis'),('LCA','St. Lucia'),('MAF','St. Martin (French part)'),('VCT','St. Vincent and the Grenadines'),('SDN','Sudan'),('SUR','Suriname'),('SWZ','Swaziland'),('SWE','Sweden'),('CHE','Switzerland'),('SYR','Syrian Arab Republic'),('TJK','Tajikistan'),('TZA','Tanzania'),('THA','Thailand'),('TMP','Timor-Leste'),('TGO','Togo'),('TON','Tonga'),('TTO','Trinidad and Tobago'),('TUN','Tunisia'),('TUR','Turkey'),('TKM','Turkmenistan'),('TCA','Turks and Caicos Islands'),('TUV','Tuvalu'),('UGA','Uganda'),('UKR','Ukraine'),('ARE','United Arab Emirates'),('GBR','United Kingdom'),('USA','United States'),('URY','Uruguay'),('UZB','Uzbekistan'),('VUT','Vanuatu'),('VEN','Venezuela, RB'),('VNM','Vietnam'),('VIR','Virgin Islands (U.S.)'),('WBG','West Bank and Gaza'),('YEM','Yemen, Rep.'),('ZMB','Zambia'),('ZWE','Zimbabwe');
/*!40000 ALTER TABLE `country` ENABLE KEYS */;
UNLOCK TABLES;

--
-- Table structure for table `country_income`
--

DROP TABLE IF EXISTS `country_income`;
/*!40101 SET @saved_cs_client     = @@character_set_client */;
/*!40101 SET character_set_client = utf8 */;
CREATE TABLE `country_income` (
  `CountryCode` varchar(5) NOT NULL,
  `Income` varchar(25) DEFAULT NULL
) ENGINE=InnoDB DEFAULT CHARSET=utf8;
/*!40101 SET character_set_client = @saved_cs_client */;

--
-- Dumping data for table `country_income`
--

LOCK TABLES `country_income` WRITE;
/*!40000 ALTER TABLE `country_income` DISABLE KEYS */;
INSERT INTO `country_income` VALUES ('AFG','Low income'),('ALB','Upper middle income'),('DZA','Upper middle income'),('ASM','Upper middle income'),('ADO','High income'),('AGO','Upper middle income'),('ATG','High income'),('ARG','Upper middle income'),('ARM','Lower middle income'),('ABW','High income'),('AUS','High income'),('AUT','High income'),('AZE','Upper middle income'),('BHS','High income'),('BHR','High income'),('BGD','Lower middle income'),('BRB','High income'),('BLR','Upper middle income'),('BEL','High income'),('BLZ','Upper middle income'),('BEN','Low income'),('BMU','High income'),('BTN','Lower middle income'),('BOL','Lower middle income'),('BIH','Upper middle income'),('BWA','Upper middle income'),('BRA','Upper middle income'),('VGB','High income'),('BRN','High income'),('BGR','Upper middle income'),('BFA','Low income'),('BDI','Low income'),('CPV','Lower middle income'),('KHM','Lower middle income'),('CMR','Lower middle income'),('CAN','High income'),('CYM','High income'),('CAF','Low income'),('TCD','Low income'),('CHI','High income'),('CHL','High income'),('CHN','Upper middle income'),('COL','Upper middle income'),('COM','Low income'),('ZAR','Low income'),('COG','Lower middle income'),('CRI','Upper middle income'),('CIV','Lower middle income'),('HRV','High income'),('CUB','Upper middle income'),('CUW','High income'),('CYP','High income'),('CZE','High income'),('DNK','High income'),('DJI','Lower middle income'),('DMA','Upper middle income'),('DOM','Upper middle income'),('ECU','Upper middle income'),('EGY','Lower middle income'),('SLV','Lower middle income'),('GNQ','Upper middle income'),('ERI','Low income'),('EST','High income'),('ETH','Low income'),('FRO','High income'),('FJI','Upper middle income'),('FIN','High income'),('FRA','High income'),('PYF','High income'),('GAB','Upper middle income'),('GMB','Low income'),('GEO','Upper middle income'),('DEU','High income'),('GHA','Lower middle income'),('GIB','High income'),('GRC','High income'),('GRL','High income'),('GRD','Upper middle income'),('GUM','High income'),('GTM','Lower middle income'),('GIN','Low income'),('GNB','Low income'),('GUY','Upper middle income'),('HTI','Low income'),('HND','Lower middle income'),('HKG','High income'),('HUN','High income'),('ISL','High income'),('IND','Lower middle income'),('IDN','Lower middle income'),('IRN','Upper middle income'),('IRQ','Upper middle income'),('IRL','High income'),('IMY','High income'),('ISR','High income'),('ITA','High income'),('JAM','Upper middle income'),('JPN','High income'),('JOR','Upper middle income'),('KAZ','Upper middle income'),('KEN','Lower middle income'),('KIR','Lower middle income'),('PRK','Low income'),('KOR','High income'),('KSV','Lower middle income'),('KWT','High income'),('KGZ','Lower middle income'),('LAO','Lower middle income'),('LVA','High income'),('LBN','Upper middle income'),('LSO','Lower middle income'),('LBR','Low income'),('LBY','Upper middle income'),('LIE','High income'),('LTU','High income'),('LUX','High income'),('MAC','High income'),('MKD','Upper middle income'),('MDG','Low income'),('MWI','Low income'),('MYS','Upper middle income'),('MDV','Upper middle income'),('MLI','Low income'),('MLT','High income'),('MHL','Upper middle income'),('MRT','Lower middle income'),('MUS','Upper middle income'),('MEX','Upper middle income'),('FSM','Lower middle income'),('MDA','Lower middle income'),('MCO','High income'),('MNG','Lower middle income'),('MNE','Upper middle income'),('MAR','Lower middle income'),('MOZ','Low income'),('MMR','Lower middle income'),('NAM','Upper middle income'),('NRU','High income'),('NPL','Low income'),('NLD','High income'),('NCL','High income'),('NZL','High income'),('NIC','Lower middle income'),('NER','Low income'),('NGA','Lower middle income'),('MNP','High income'),('NOR','High income'),('OMN','High income'),('PAK','Lower middle income'),('PLW','Upper middle income'),('PAN','Upper middle income'),('PNG','Lower middle income'),('PRY','Upper middle income'),('PER','Upper middle income'),('PHL','Lower middle income'),('POL','High income'),('PRT','High income'),('PRI','High income'),('QAT','High income'),('ROM','Upper middle income'),('RUS','Upper middle income'),('RWA','Low income'),('WSM','Lower middle income'),('SMR','High income'),('STP','Lower middle income'),('SAU','High income'),('SEN','Low income'),('SRB','Upper middle income'),('SYC','High income'),('SLE','Low income'),('SGP','High income'),('SXM','High income'),('SVK','High income'),('SVN','High income'),('SLB','Lower middle income'),('SOM','Low income'),('ZAF','Upper middle income'),('SSD','Low income'),('ESP','High income'),('LKA','Lower middle income'),('KNA','High income'),('LCA','Upper middle income'),('MAF','High income'),('VCT','Upper middle income'),('SDN','Lower middle income'),('SUR','Upper middle income'),('SWZ','Lower middle income'),('SWE','High income'),('CHE','High income'),('SYR','Lower middle income'),('TJK','Lower middle income'),('TZA','Low income'),('THA','Upper middle income'),('TMP','Lower middle income'),('TGO','Low income'),('TON','Lower middle income'),('TTO','High income'),('TUN','Lower middle income'),('TUR','Upper middle income'),('TKM','Upper middle income'),('TCA','High income'),('TUV','Upper middle income'),('UGA','Low income'),('UKR','Lower middle income'),('ARE','High income'),('GBR','High income'),('USA','High income'),('URY','High income'),('UZB','Lower middle income'),('VUT','Lower middle income'),('VEN','Upper middle income'),('VNM','Lower middle income'),('VIR','High income'),('WBG','Lower middle income'),('YEM','Lower middle income'),('ZMB','Lower middle income'),('ZWE','Low income');
/*!40000 ALTER TABLE `country_income` ENABLE KEYS */;
UNLOCK TABLES;

--
-- Table structure for table `country_region`
--

DROP TABLE IF EXISTS `country_region`;
/*!40101 SET @saved_cs_client     = @@character_set_client */;
/*!40101 SET character_set_client = utf8 */;
CREATE TABLE `country_region` (
  `CountryCode` varchar(5) NOT NULL,
  `Region` varchar(45) DEFAULT NULL
) ENGINE=InnoDB DEFAULT CHARSET=utf8;
/*!40101 SET character_set_client = @saved_cs_client */;

--
-- Dumping data for table `country_region`
--

LOCK TABLES `country_region` WRITE;
/*!40000 ALTER TABLE `country_region` DISABLE KEYS */;
INSERT INTO `country_region` VALUES ('ABW','Latin America & Caribbean'),('ADO','Europe & Central Asia'),('ALB','Europe & Central Asia'),('ARG','Latin America & Caribbean'),('ARM','Europe & Central Asia'),('ATG','Latin America & Caribbean'),('AUT','Europe & Central Asia'),('AZE','Europe & Central Asia'),('BEL','Europe & Central Asia'),('BGR','Europe & Central Asia'),('BHS','Latin America & Caribbean'),('BIH','Europe & Central Asia'),('BLR','Europe & Central Asia'),('BLZ','Latin America & Caribbean'),('BMU','North America'),('BOL','Latin America & Caribbean'),('BRA','Latin America & Caribbean'),('BRB','Latin America & Caribbean'),('CAN','North America'),('CHE','Europe & Central Asia'),('CHI','Europe & Central Asia'),('CHL','Latin America & Caribbean'),('COL','Latin America & Caribbean'),('CRI','Latin America & Caribbean'),('CUB','Latin America & Caribbean'),('CUW','Latin America & Caribbean'),('CYM','Latin America & Caribbean'),('CYP','Europe & Central Asia'),('CZE','Europe & Central Asia'),('DEU','Europe & Central Asia'),('DMA','Latin America & Caribbean'),('DNK','Europe & Central Asia'),('DOM','Latin America & Caribbean'),('ECU','Latin America & Caribbean'),('ESP','Europe & Central Asia'),('EST','Europe & Central Asia'),('FIN','Europe & Central Asia'),('FRA','Europe & Central Asia'),('FRO','Europe & Central Asia'),('GBR','Europe & Central Asia'),('GEO','Europe & Central Asia'),('GIB','Europe & Central Asia'),('GRC','Europe & Central Asia'),('GRD','Latin America & Caribbean'),('GRL','Europe & Central Asia'),('GTM','Latin America & Caribbean'),('GUY','Latin America & Caribbean'),('HND','Latin America & Caribbean'),('HRV','Europe & Central Asia'),('HTI','Latin America & Caribbean'),('HUN','Europe & Central Asia'),('IMY','Europe & Central Asia'),('IRL','Europe & Central Asia'),('ISL','Europe & Central Asia'),('ITA','Europe & Central Asia'),('JAM','Latin America & Caribbean'),('KAZ','Europe & Central Asia'),('KGZ','Europe & Central Asia'),('KNA','Latin America & Caribbean'),('KSV','Europe & Central Asia'),('LCA','Latin America & Caribbean'),('LIE','Europe & Central Asia'),('LTU','Europe & Central Asia'),('LUX','Europe & Central Asia'),('LVA','Europe & Central Asia'),('MAF','Latin America & Caribbean'),('MCO','Europe & Central Asia'),('MDA','Europe & Central Asia'),('MEX','Latin America & Caribbean'),('MKD','Europe & Central Asia'),('MNE','Europe & Central Asia'),('NIC','Latin America & Caribbean'),('NLD','Europe & Central Asia'),('NOR','Europe & Central Asia'),('PAN','Latin America & Caribbean'),('PER','Latin America & Caribbean'),('POL','Europe & Central Asia'),('PRI','Latin America & Caribbean'),('PRT','Europe & Central Asia'),('PRY','Latin America & Caribbean'),('ROM','Europe & Central Asia'),('RUS','Europe & Central Asia'),('SLV','Latin America & Caribbean'),('SMR','Europe & Central Asia'),('SRB','Europe & Central Asia'),('SUR','Latin America & Caribbean'),('SVK','Europe & Central Asia'),('SVN','Europe & Central Asia'),('SWE','Europe & Central Asia'),('SXM','Latin America & Caribbean'),('TCA','Latin America & Caribbean'),('TJK','Europe & Central Asia'),('TKM','Europe & Central Asia'),('TTO','Latin America & Caribbean'),('TUR','Europe & Central Asia'),('UKR','Europe & Central Asia'),('URY','Latin America & Caribbean'),('USA','North America'),('UZB','Europe & Central Asia'),('VCT','Latin America & Caribbean'),('VEN','Latin America & Caribbean'),('VGB','Latin America & Caribbean'),('VIR','Latin America & Caribbean');
/*!40000 ALTER TABLE `country_region` ENABLE KEYS */;
UNLOCK TABLES;

--
-- Table structure for table `data_by_year`
--

DROP TABLE IF EXISTS `data_by_year`;
/*!40101 SET @saved_cs_client     = @@character_set_client */;
/*!40101 SET character_set_client = utf8 */;
CREATE TABLE `data_by_year` (
  `CountryCode` varchar(5) NOT NULL,
  `SeriesCode` varchar(45) NOT NULL,
  `YearC` varchar(45) NOT NULL,
  `Data` double NOT NULL
) ENGINE=InnoDB DEFAULT CHARSET=utf8;
/*!40101 SET character_set_client = @saved_cs_client */;

--
-- Dumping data for table `data_by_year`
--

LOCK TABLES `data_by_year` WRITE;
/*!40000 ALTER TABLE `data_by_year` DISABLE KEYS */;
INSERT INTO `data_by_year` VALUES ('ALB','SL.UEM.TERT.FE.ZS','1998 [YR1998]',6.69999980926514),('ALB','SL.UEM.TERT.FE.ZS','2001 [YR2001]',3.70000004768372),('ALB','SL.UEM.TERT.FE.ZS','2002 [YR2002]',3.40000009536743),('ALB','SL.UEM.TERT.FE.ZS','2009 [YR2009]',18.1000003814697),('ALB','SL.UEM.TERT.FE.ZS','2011 [YR2011]',17.5),('ALB','SL.UEM.TERT.FE.ZS','2012 [YR2012]',26.7999992370605),('ALB','SL.UEM.TERT.FE.ZS','2013 [YR2013]',23.7999992370605),('ALB','SL.UEM.TERT.MA.ZS','1998 [YR1998]',6.90000009536743),('ALB','SL.UEM.TERT.MA.ZS','2001 [YR2001]',2.90000009536743),('ALB','SL.UEM.TERT.MA.ZS','2002 [YR2002]',3.40000009536743),('ALB','SL.UEM.TERT.MA.ZS','2009 [YR2009]',12.1000003814697),('ALB','SL.UEM.TERT.MA.ZS','2011 [YR2011]',10.3000001907349),('ALB','SL.UEM.TERT.MA.ZS','2012 [YR2012]',9.69999980926514),('ALB','SL.UEM.TERT.MA.ZS','2013 [YR2013]',10.3999996185303),('ARE','SL.UEM.TERT.FE.ZS','2005 [YR2005]',39.7999992370605),('ARE','SL.UEM.TERT.FE.ZS','2008 [YR2008]',43),('ARE','SL.UEM.TERT.MA.ZS','2005 [YR2005]',13.5),('ARE','SL.UEM.TERT.MA.ZS','2008 [YR2008]',17.8999996185303),('ARG','SL.UEM.TERT.FE.ZS','1998 [YR1998]',18.7000007629395),('ARG','SL.UEM.TERT.FE.ZS','1999 [YR1999]',20.5),('ARG','SL.UEM.TERT.FE.ZS','2000 [YR2000]',19.3999996185303),('ARG','SL.UEM.TERT.FE.ZS','2001 [YR2001]',22.2999992370605),('ARG','SL.UEM.TERT.FE.ZS','2002 [YR2002]',25.2999992370605),('ARG','SL.UEM.TERT.FE.ZS','2003 [YR2003]',24.3999996185303),('ARG','SL.UEM.TERT.FE.ZS','2004 [YR2004]',23),('ARG','SL.UEM.TERT.FE.ZS','2005 [YR2005]',21.3999996185303),('ARG','SL.UEM.TERT.FE.ZS','2006 [YR2006]',23),('ARG','SL.UEM.TERT.FE.ZS','2010 [YR2010]',33.7000007629395),('ARG','SL.UEM.TERT.FE.ZS','2011 [YR2011]',35.7000007629395),('ARG','SL.UEM.TERT.FE.ZS','2012 [YR2012]',12.1999998092651),('ARG','SL.UEM.TERT.FE.ZS','2013 [YR2013]',13.1000003814697),('ARG','SL.UEM.TERT.FE.ZS','2014 [YR2014]',13.5),('ARG','SL.UEM.TERT.MA.ZS','1998 [YR1998]',10.1000003814697),('ARG','SL.UEM.TERT.MA.ZS','1999 [YR1999]',11),('ARG','SL.UEM.TERT.MA.ZS','2000 [YR2000]',11.1999998092651),('ARG','SL.UEM.TERT.MA.ZS','2001 [YR2001]',11.1999998092651),('ARG','SL.UEM.TERT.MA.ZS','2002 [YR2002]',13.8000001907349),('ARG','SL.UEM.TERT.MA.ZS','2003 [YR2003]',14.6000003814697),('ARG','SL.UEM.TERT.MA.ZS','2004 [YR2004]',14.1000003814697),('ARG','SL.UEM.TERT.MA.ZS','2005 [YR2005]',15.1999998092651),('ARG','SL.UEM.TERT.MA.ZS','2006 [YR2006]',15.8999996185303),('ARG','SL.UEM.TERT.MA.ZS','2010 [YR2010]',20.5),('ARG','SL.UEM.TERT.MA.ZS','2011 [YR2011]',19.5),('ARG','SL.UEM.TERT.MA.ZS','2012 [YR2012]',4.5),('ARG','SL.UEM.TERT.MA.ZS','2013 [YR2013]',6.19999980926514),('ARG','SL.UEM.TERT.MA.ZS','2014 [YR2014]',5.40000009536743),('ARM','SL.UEM.TERT.FE.ZS','2007 [YR2007]',21.2000007629395),('ARM','SL.UEM.TERT.FE.ZS','2008 [YR2008]',23.5),('ARM','SL.UEM.TERT.FE.ZS','2009 [YR2009]',23.7000007629395),('ARM','SL.UEM.TERT.FE.ZS','2010 [YR2010]',26.2000007629395),('ARM','SL.UEM.TERT.FE.ZS','2011 [YR2011]',29.1000003814697),('ARM','SL.UEM.TERT.FE.ZS','2013 [YR2013]',61.9000015258789),('ARM','SL.UEM.TERT.MA.ZS','2007 [YR2007]',20.7999992370605),('ARM','SL.UEM.TERT.MA.ZS','2008 [YR2008]',19.2000007629395),('ARM','SL.UEM.TERT.MA.ZS','2009 [YR2009]',19.8999996185303),('ARM','SL.UEM.TERT.MA.ZS','2010 [YR2010]',20.3999996185303),('ARM','SL.UEM.TERT.MA.ZS','2011 [YR2011]',24.6000003814697),('ARM','SL.UEM.TERT.MA.ZS','2013 [YR2013]',41.4000015258789),('AUS','SL.UEM.TERT.FE.ZS','1998 [YR1998]',15),('AUS','SL.UEM.TERT.FE.ZS','1999 [YR1999]',15.8000001907349),('AUS','SL.UEM.TERT.FE.ZS','2000 [YR2000]',15.8000001907349),('AUS','SL.UEM.TERT.FE.ZS','2001 [YR2001]',15.8000001907349),('AUS','SL.UEM.TERT.FE.ZS','2002 [YR2002]',19.6000003814697),('AUS','SL.UEM.TERT.FE.ZS','2003 [YR2003]',18.2999992370605),('AUS','SL.UEM.TERT.FE.ZS','2004 [YR2004]',20.6000003814697),('AUS','SL.UEM.TERT.FE.ZS','2005 [YR2005]',20.8999996185303),('AUS','SL.UEM.TERT.FE.ZS','2006 [YR2006]',19.6000003814697),('AUS','SL.UEM.TERT.FE.ZS','2007 [YR2007]',20.7999992370605),('AUS','SL.UEM.TERT.FE.ZS','2008 [YR2008]',21.1000003814697),('AUS','SL.UEM.TERT.MA.ZS','1998 [YR1998]',9.60000038146973),('AUS','SL.UEM.TERT.MA.ZS','1999 [YR1999]',12),('AUS','SL.UEM.TERT.MA.ZS','2000 [YR2000]',14.1000003814697),('AUS','SL.UEM.TERT.MA.ZS','2001 [YR2001]',12.6999998092651),('AUS','SL.UEM.TERT.MA.ZS','2002 [YR2002]',14.6000003814697),('AUS','SL.UEM.TERT.MA.ZS','2003 [YR2003]',17.5),('AUS','SL.UEM.TERT.MA.ZS','2004 [YR2004]',17.6000003814697),('AUS','SL.UEM.TERT.MA.ZS','2005 [YR2005]',17.8999996185303),('AUS','SL.UEM.TERT.MA.ZS','2006 [YR2006]',13.1000003814697),('AUS','SL.UEM.TERT.MA.ZS','2007 [YR2007]',15),('AUS','SL.UEM.TERT.MA.ZS','2008 [YR2008]',17),('AUT','SL.UEM.TERT.FE.ZS','1998 [YR1998]',3.70000004768372),('AUT','SL.UEM.TERT.FE.ZS','1999 [YR1999]',4.90000009536743),('AUT','SL.UEM.TERT.FE.ZS','2000 [YR2000]',7.30000019073486),('AUT','SL.UEM.TERT.FE.ZS','2001 [YR2001]',8),('AUT','SL.UEM.TERT.FE.ZS','2002 [YR2002]',7.30000019073486),('AUT','SL.UEM.TERT.FE.ZS','2003 [YR2003]',9.30000019073486),('AUT','SL.UEM.TERT.FE.ZS','2004 [YR2004]',9.10000038146973),('AUT','SL.UEM.TERT.FE.ZS','2005 [YR2005]',9.39999961853027),('AUT','SL.UEM.TERT.FE.ZS','2006 [YR2006]',10.3000001907349),('AUT','SL.UEM.TERT.FE.ZS','2007 [YR2007]',9.89999961853027),('AUT','SL.UEM.TERT.FE.ZS','2008 [YR2008]',7.80000019073486),('AUT','SL.UEM.TERT.FE.ZS','2009 [YR2009]',11.1999998092651),('AUT','SL.UEM.TERT.FE.ZS','2010 [YR2010]',10.8000001907349),('AUT','SL.UEM.TERT.FE.ZS','2011 [YR2011]',12.3000001907349),('AUT','SL.UEM.TERT.FE.ZS','2012 [YR2012]',11),('AUT','SL.UEM.TERT.FE.ZS','2013 [YR2013]',15.8000001907349),('AUT','SL.UEM.TERT.FE.ZS','2014 [YR2014]',24.7000007629395),('AUT','SL.UEM.TERT.MA.ZS','1998 [YR1998]',3.79999995231628),('AUT','SL.UEM.TERT.MA.ZS','1999 [YR1999]',8.39999961853027),('AUT','SL.UEM.TERT.MA.ZS','2000 [YR2000]',7.19999980926514),('AUT','SL.UEM.TERT.MA.ZS','2001 [YR2001]',6.80000019073486),('AUT','SL.UEM.TERT.MA.ZS','2002 [YR2002]',5.80000019073486),('AUT','SL.UEM.TERT.MA.ZS','2003 [YR2003]',8),('AUT','SL.UEM.TERT.MA.ZS','2004 [YR2004]',12.1000003814697),('AUT','SL.UEM.TERT.MA.ZS','2005 [YR2005]',10),('AUT','SL.UEM.TERT.MA.ZS','2006 [YR2006]',9.19999980926514),('AUT','SL.UEM.TERT.MA.ZS','2007 [YR2007]',9.69999980926514),('AUT','SL.UEM.TERT.MA.ZS','2008 [YR2008]',8.30000019073486),('AUT','SL.UEM.TERT.MA.ZS','2009 [YR2009]',7.69999980926514),('AUT','SL.UEM.TERT.MA.ZS','2010 [YR2010]',9.39999961853027),('AUT','SL.UEM.TERT.MA.ZS','2011 [YR2011]',9.80000019073486),('AUT','SL.UEM.TERT.MA.ZS','2012 [YR2012]',8.60000038146973),('AUT','SL.UEM.TERT.MA.ZS','2013 [YR2013]',11.3999996185303),('AUT','SL.UEM.TERT.MA.ZS','2014 [YR2014]',20.2000007629395),('AZE','SL.UEM.TERT.FE.ZS','2003 [YR2003]',6.80000019073486),('AZE','SL.UEM.TERT.FE.ZS','2004 [YR2004]',10.1999998092651),('AZE','SL.UEM.TERT.FE.ZS','2005 [YR2005]',11.6999998092651),('AZE','SL.UEM.TERT.FE.ZS','2006 [YR2006]',10.8000001907349),('AZE','SL.UEM.TERT.FE.ZS','2007 [YR2007]',13.3999996185303),('AZE','SL.UEM.TERT.FE.ZS','2008 [YR2008]',5.09999990463257),('AZE','SL.UEM.TERT.FE.ZS','2009 [YR2009]',32.0999984741211),('AZE','SL.UEM.TERT.FE.ZS','2010 [YR2010]',36.9000015258789),('AZE','SL.UEM.TERT.FE.ZS','2011 [YR2011]',16.6000003814697),('AZE','SL.UEM.TERT.FE.ZS','2012 [YR2012]',14.8999996185303),('AZE','SL.UEM.TERT.MA.ZS','2003 [YR2003]',9.60000038146973),('AZE','SL.UEM.TERT.MA.ZS','2004 [YR2004]',10.3000001907349),('AZE','SL.UEM.TERT.MA.ZS','2005 [YR2005]',11.6000003814697),('AZE','SL.UEM.TERT.MA.ZS','2006 [YR2006]',15.1999998092651),('AZE','SL.UEM.TERT.MA.ZS','2007 [YR2007]',15.8000001907349),('AZE','SL.UEM.TERT.MA.ZS','2008 [YR2008]',17.7999992370605),('AZE','SL.UEM.TERT.MA.ZS','2009 [YR2009]',31.2999992370605),('AZE','SL.UEM.TERT.MA.ZS','2010 [YR2010]',31.6000003814697),('AZE','SL.UEM.TERT.MA.ZS','2011 [YR2011]',20.3999996185303),('AZE','SL.UEM.TERT.MA.ZS','2012 [YR2012]',19.2999992370605),('BEL','SL.UEM.TERT.FE.ZS','1998 [YR1998]',14.1000003814697),('BEL','SL.UEM.TERT.FE.ZS','1999 [YR1999]',16),('BEL','SL.UEM.TERT.FE.ZS','2000 [YR2000]',13.8000001907349),('BEL','SL.UEM.TERT.FE.ZS','2001 [YR2001]',18.6000003814697),('BEL','SL.UEM.TERT.FE.ZS','2002 [YR2002]',17.7999992370605),('BEL','SL.UEM.TERT.FE.ZS','2003 [YR2003]',17.1000003814697),('BEL','SL.UEM.TERT.FE.ZS','2004 [YR2004]',17.8999996185303),('BEL','SL.UEM.TERT.FE.ZS','2005 [YR2005]',19.2000007629395),('BEL','SL.UEM.TERT.FE.ZS','2006 [YR2006]',21.7999992370605),('BEL','SL.UEM.TERT.FE.ZS','2007 [YR2007]',19),('BEL','SL.UEM.TERT.FE.ZS','2008 [YR2008]',20.1000003814697),('BEL','SL.UEM.TERT.FE.ZS','2009 [YR2009]',24.3999996185303),('BEL','SL.UEM.TERT.FE.ZS','2010 [YR2010]',24.1000003814697),('BEL','SL.UEM.TERT.FE.ZS','2011 [YR2011]',23.5),('BEL','SL.UEM.TERT.FE.ZS','2012 [YR2012]',24.1000003814697),('BEL','SL.UEM.TERT.FE.ZS','2013 [YR2013]',28.7000007629395),('BEL','SL.UEM.TERT.FE.ZS','2014 [YR2014]',28.2000007629395),('BEL','SL.UEM.TERT.MA.ZS','1998 [YR1998]',11),('BEL','SL.UEM.TERT.MA.ZS','1999 [YR1999]',11),('BEL','SL.UEM.TERT.MA.ZS','2000 [YR2000]',11.8000001907349),('BEL','SL.UEM.TERT.MA.ZS','2001 [YR2001]',14.8000001907349),('BEL','SL.UEM.TERT.MA.ZS','2002 [YR2002]',15.5),('BEL','SL.UEM.TERT.MA.ZS','2003 [YR2003]',15.6000003814697),('BEL','SL.UEM.TERT.MA.ZS','2004 [YR2004]',16.7000007629395),('BEL','SL.UEM.TERT.MA.ZS','2005 [YR2005]',17.6000003814697),('BEL','SL.UEM.TERT.MA.ZS','2006 [YR2006]',17.6000003814697),('BEL','SL.UEM.TERT.MA.ZS','2007 [YR2007]',17.7999992370605),('BEL','SL.UEM.TERT.MA.ZS','2008 [YR2008]',17.8999996185303),('BEL','SL.UEM.TERT.MA.ZS','2009 [YR2009]',18.7999992370605),('BEL','SL.UEM.TERT.MA.ZS','2010 [YR2010]',18),('BEL','SL.UEM.TERT.MA.ZS','2011 [YR2011]',18.2000007629395),('BEL','SL.UEM.TERT.MA.ZS','2012 [YR2012]',18),('BEL','SL.UEM.TERT.MA.ZS','2013 [YR2013]',18.7000007629395),('BEL','SL.UEM.TERT.MA.ZS','2014 [YR2014]',18.6000003814697),('BFA','SL.UEM.TERT.FE.ZS','1998 [YR1998]',6.30000019073486),('BFA','SL.UEM.TERT.FE.ZS','1999 [YR1999]',7.09999990463257),('BFA','SL.UEM.TERT.FE.ZS','2000 [YR2000]',8.30000019073486),('BFA','SL.UEM.TERT.MA.ZS','1998 [YR1998]',5.09999990463257),('BFA','SL.UEM.TERT.MA.ZS','1999 [YR1999]',6.5),('BFA','SL.UEM.TERT.MA.ZS','2000 [YR2000]',5.59999990463257),('BGD','SL.UEM.TERT.FE.ZS','2000 [YR2000]',5.69999980926514),('BGD','SL.UEM.TERT.FE.ZS','2005 [YR2005]',10.6999998092651),('BGD','SL.UEM.TERT.MA.ZS','2000 [YR2000]',10.1999998092651),('BGD','SL.UEM.TERT.MA.ZS','2005 [YR2005]',19.3999996185303),('BGR','SL.UEM.TERT.FE.ZS','1998 [YR1998]',11.8000001907349),('BGR','SL.UEM.TERT.FE.ZS','1999 [YR1999]',9.39999961853027),('BGR','SL.UEM.TERT.FE.ZS','2000 [YR2000]',10.3999996185303),('BGR','SL.UEM.TERT.FE.ZS','2001 [YR2001]',13.8999996185303),('BGR','SL.UEM.TERT.FE.ZS','2002 [YR2002]',14.3999996185303),('BGR','SL.UEM.TERT.FE.ZS','2003 [YR2003]',16.3999996185303),('BGR','SL.UEM.TERT.FE.ZS','2004 [YR2004]',15.8999996185303),('BGR','SL.UEM.TERT.FE.ZS','2005 [YR2005]',13.1000003814697),('BGR','SL.UEM.TERT.FE.ZS','2006 [YR2006]',13.6000003814697),('BGR','SL.UEM.TERT.FE.ZS','2007 [YR2007]',10.3999996185303),('BGR','SL.UEM.TERT.FE.ZS','2008 [YR2008]',13.5),('BGR','SL.UEM.TERT.FE.ZS','2009 [YR2009]',14.6000003814697),('BGR','SL.UEM.TERT.FE.ZS','2010 [YR2010]',15.1000003814697),('BGR','SL.UEM.TERT.FE.ZS','2011 [YR2011]',16.5),('BGR','SL.UEM.TERT.FE.ZS','2012 [YR2012]',17.2999992370605),('BGR','SL.UEM.TERT.FE.ZS','2013 [YR2013]',19.2000007629395),('BGR','SL.UEM.TERT.FE.ZS','2014 [YR2014]',17.3999996185303),('BGR','SL.UEM.TERT.MA.ZS','1998 [YR1998]',6.19999980926514),('BGR','SL.UEM.TERT.MA.ZS','1999 [YR1999]',6),('BGR','SL.UEM.TERT.MA.ZS','2000 [YR2000]',6.80000019073486),('BGR','SL.UEM.TERT.MA.ZS','2001 [YR2001]',7.40000009536743),('BGR','SL.UEM.TERT.MA.ZS','2002 [YR2002]',7.09999990463257),('BGR','SL.UEM.TERT.MA.ZS','2003 [YR2003]',7.59999990463257),('BGR','SL.UEM.TERT.MA.ZS','2004 [YR2004]',7.59999990463257),('BGR','SL.UEM.TERT.MA.ZS','2005 [YR2005]',7.90000009536743),('BGR','SL.UEM.TERT.MA.ZS','2006 [YR2006]',8),('BGR','SL.UEM.TERT.MA.ZS','2007 [YR2007]',6.80000019073486),('BGR','SL.UEM.TERT.MA.ZS','2008 [YR2008]',6.90000009536743),('BGR','SL.UEM.TERT.MA.ZS','2009 [YR2009]',7.59999990463257),('BGR','SL.UEM.TERT.MA.ZS','2010 [YR2010]',8),('BGR','SL.UEM.TERT.MA.ZS','2011 [YR2011]',8.60000038146973),('BGR','SL.UEM.TERT.MA.ZS','2012 [YR2012]',9.39999961853027),('BGR','SL.UEM.TERT.MA.ZS','2013 [YR2013]',10.1000003814697),('BGR','SL.UEM.TERT.MA.ZS','2014 [YR2014]',10.1999998092651),('BHR','SL.UEM.TERT.FE.ZS','1998 [YR1998]',31.2000007629395),('BHR','SL.UEM.TERT.FE.ZS','1999 [YR1999]',37.4000015258789),('BHR','SL.UEM.TERT.FE.ZS','2000 [YR2000]',35.5999984741211),('BHR','SL.UEM.TERT.FE.ZS','2002 [YR2002]',22.7999992370605),('BHR','SL.UEM.TERT.FE.ZS','2003 [YR2003]',22.3999996185303),('BHR','SL.UEM.TERT.FE.ZS','2004 [YR2004]',29.5),('BHR','SL.UEM.TERT.FE.ZS','2005 [YR2005]',39.0999984741211),('BHR','SL.UEM.TERT.FE.ZS','2006 [YR2006]',39.4000015258789),('BHR','SL.UEM.TERT.FE.ZS','2007 [YR2007]',33.0999984741211),('BHR','SL.UEM.TERT.FE.ZS','2010 [YR2010]',25.5),('BHR','SL.UEM.TERT.MA.ZS','1998 [YR1998]',13),('BHR','SL.UEM.TERT.MA.ZS','1999 [YR1999]',12.8000001907349),('BHR','SL.UEM.TERT.MA.ZS','2000 [YR2000]',11.8999996185303),('BHR','SL.UEM.TERT.MA.ZS','2002 [YR2002]',9.89999961853027),('BHR','SL.UEM.TERT.MA.ZS','2003 [YR2003]',9.10000038146973),('BHR','SL.UEM.TERT.MA.ZS','2004 [YR2004]',9.80000019073486),('BHR','SL.UEM.TERT.MA.ZS','2005 [YR2005]',10.8999996185303),('BHR','SL.UEM.TERT.MA.ZS','2006 [YR2006]',21.6000003814697),('BHR','SL.UEM.TERT.MA.ZS','2007 [YR2007]',21.8999996185303),('BHR','SL.UEM.TERT.MA.ZS','2010 [YR2010]',10.3999996185303),('BHS','SL.UEM.TERT.FE.ZS','1998 [YR1998]',4.40000009536743),('BHS','SL.UEM.TERT.FE.ZS','1999 [YR1999]',7.30000019073486),('BHS','SL.UEM.TERT.FE.ZS','2001 [YR2001]',4.80000019073486),('BHS','SL.UEM.TERT.FE.ZS','2002 [YR2002]',9.80000019073486),('BHS','SL.UEM.TERT.FE.ZS','2003 [YR2003]',8.60000038146973),('BHS','SL.UEM.TERT.FE.ZS','2004 [YR2004]',7.90000009536743),('BHS','SL.UEM.TERT.FE.ZS','2005 [YR2005]',6.80000019073486),('BHS','SL.UEM.TERT.FE.ZS','2006 [YR2006]',11.3000001907349),('BHS','SL.UEM.TERT.FE.ZS','2007 [YR2007]',9),('BHS','SL.UEM.TERT.FE.ZS','2011 [YR2011]',14.6999998092651),('BHS','SL.UEM.TERT.MA.ZS','1998 [YR1998]',3.29999995231628),('BHS','SL.UEM.TERT.MA.ZS','1999 [YR1999]',5.59999990463257),('BHS','SL.UEM.TERT.MA.ZS','2001 [YR2001]',6.69999980926514),('BHS','SL.UEM.TERT.MA.ZS','2002 [YR2002]',7.69999980926514),('BHS','SL.UEM.TERT.MA.ZS','2003 [YR2003]',7.19999980926514),('BHS','SL.UEM.TERT.MA.ZS','2004 [YR2004]',4.09999990463257),('BHS','SL.UEM.TERT.MA.ZS','2005 [YR2005]',4),('BHS','SL.UEM.TERT.MA.ZS','2006 [YR2006]',7.59999990463257),('BHS','SL.UEM.TERT.MA.ZS','2007 [YR2007]',9.89999961853027),('BHS','SL.UEM.TERT.MA.ZS','2011 [YR2011]',11.5),('BIH','SL.UEM.TERT.FE.ZS','2006 [YR2006]',5.30000019073486),('BIH','SL.UEM.TERT.FE.ZS','2007 [YR2007]',4.90000009536743),('BIH','SL.UEM.TERT.FE.ZS','2008 [YR2008]',7.80000019073486),('BIH','SL.UEM.TERT.FE.ZS','2009 [YR2009]',6.40000009536743),('BIH','SL.UEM.TERT.FE.ZS','2010 [YR2010]',10.5),('BIH','SL.UEM.TERT.FE.ZS','2011 [YR2011]',10.8999996185303),('BIH','SL.UEM.TERT.FE.ZS','2012 [YR2012]',12.8000001907349),('BIH','SL.UEM.TERT.MA.ZS','2006 [YR2006]',3.70000004768372),('BIH','SL.UEM.TERT.MA.ZS','2007 [YR2007]',3.40000009536743),('BIH','SL.UEM.TERT.MA.ZS','2008 [YR2008]',3.20000004768372),('BIH','SL.UEM.TERT.MA.ZS','2009 [YR2009]',4.30000019073486),('BIH','SL.UEM.TERT.MA.ZS','2010 [YR2010]',5.5),('BIH','SL.UEM.TERT.MA.ZS','2011 [YR2011]',6.59999990463257),('BIH','SL.UEM.TERT.MA.ZS','2012 [YR2012]',6.5),('BLR','SL.UEM.TERT.FE.ZS','1998 [YR1998]',72.1999969482422),('BLR','SL.UEM.TERT.FE.ZS','1999 [YR1999]',73.6999969482422),('BLR','SL.UEM.TERT.FE.ZS','2000 [YR2000]',74.4000015258789),('BLR','SL.UEM.TERT.FE.ZS','2001 [YR2001]',72.5999984741211),('BLR','SL.UEM.TERT.FE.ZS','2002 [YR2002]',69.4000015258789),('BLR','SL.UEM.TERT.FE.ZS','2003 [YR2003]',69.4000015258789),('BLR','SL.UEM.TERT.FE.ZS','2004 [YR2004]',46.4000015258789),('BLR','SL.UEM.TERT.FE.ZS','2005 [YR2005]',47),('BLR','SL.UEM.TERT.FE.ZS','2006 [YR2006]',46.4000015258789),('BLR','SL.UEM.TERT.FE.ZS','2007 [YR2007]',48.0999984741211),('BLR','SL.UEM.TERT.FE.ZS','2008 [YR2008]',47.7999992370605),('BLR','SL.UEM.TERT.MA.ZS','1998 [YR1998]',81),('BLR','SL.UEM.TERT.MA.ZS','1999 [YR1999]',82.5),('BLR','SL.UEM.TERT.MA.ZS','2000 [YR2000]',83.1999969482422),('BLR','SL.UEM.TERT.MA.ZS','2001 [YR2001]',83.4000015258789),('BLR','SL.UEM.TERT.MA.ZS','2002 [YR2002]',80.0999984741211),('BLR','SL.UEM.TERT.MA.ZS','2003 [YR2003]',79.4000015258789),('BLR','SL.UEM.TERT.MA.ZS','2004 [YR2004]',55.2999992370605),('BLR','SL.UEM.TERT.MA.ZS','2005 [YR2005]',57.2999992370605),('BLR','SL.UEM.TERT.MA.ZS','2006 [YR2006]',56.5),('BLR','SL.UEM.TERT.MA.ZS','2007 [YR2007]',56.5999984741211),('BLR','SL.UEM.TERT.MA.ZS','2008 [YR2008]',56.5),('BLZ','SL.UEM.TERT.FE.ZS','1998 [YR1998]',4),('BLZ','SL.UEM.TERT.FE.ZS','1999 [YR1999]',5.5),('BLZ','SL.UEM.TERT.FE.ZS','2005 [YR2005]',6),('BLZ','SL.UEM.TERT.FE.ZS','2012 [YR2012]',3.5),('BLZ','SL.UEM.TERT.MA.ZS','1998 [YR1998]',4.40000009536743),('BLZ','SL.UEM.TERT.MA.ZS','1999 [YR1999]',4),('BLZ','SL.UEM.TERT.MA.ZS','2005 [YR2005]',4.40000009536743),('BLZ','SL.UEM.TERT.MA.ZS','2012 [YR2012]',4.30000019073486),('BMU','SL.UEM.TERT.FE.ZS','2000 [YR2000]',23.7999992370605),('BMU','SL.UEM.TERT.FE.ZS','2009 [YR2009]',19.1000003814697),('BMU','SL.UEM.TERT.FE.ZS','2010 [YR2010]',25.2999992370605),('BMU','SL.UEM.TERT.FE.ZS','2012 [YR2012]',23.7000007629395),('BMU','SL.UEM.TERT.MA.ZS','2000 [YR2000]',14.6000003814697),('BMU','SL.UEM.TERT.MA.ZS','2009 [YR2009]',22.5),('BMU','SL.UEM.TERT.MA.ZS','2010 [YR2010]',14),('BMU','SL.UEM.TERT.MA.ZS','2012 [YR2012]',12),('BOL','SL.UEM.TERT.FE.ZS','1999 [YR1999]',1.79999995231628),('BOL','SL.UEM.TERT.FE.ZS','2000 [YR2000]',2.90000009536743),('BOL','SL.UEM.TERT.FE.ZS','2005 [YR2005]',16.6000003814697),('BOL','SL.UEM.TERT.FE.ZS','2008 [YR2008]',30.2999992370605),('BOL','SL.UEM.TERT.FE.ZS','2009 [YR2009]',21.8999996185303),('BOL','SL.UEM.TERT.MA.ZS','1999 [YR1999]',4.59999990463257),('BOL','SL.UEM.TERT.MA.ZS','2000 [YR2000]',6.30000019073486),('BOL','SL.UEM.TERT.MA.ZS','2005 [YR2005]',27.7000007629395),('BOL','SL.UEM.TERT.MA.ZS','2008 [YR2008]',27.3999996185303),('BOL','SL.UEM.TERT.MA.ZS','2009 [YR2009]',36.7999992370605),('BRA','SL.UEM.TERT.FE.ZS','2001 [YR2001]',3.29999995231628),('BRA','SL.UEM.TERT.FE.ZS','2002 [YR2002]',2.90000009536743),('BRA','SL.UEM.TERT.FE.ZS','2003 [YR2003]',3.59999990463257),('BRA','SL.UEM.TERT.FE.ZS','2004 [YR2004]',3.29999995231628),('BRA','SL.UEM.TERT.FE.ZS','2005 [YR2005]',3.59999990463257),('BRA','SL.UEM.TERT.FE.ZS','2006 [YR2006]',4.40000009536743),('BRA','SL.UEM.TERT.FE.ZS','2007 [YR2007]',4.5),('BRA','SL.UEM.TERT.FE.ZS','2011 [YR2011]',13.1000003814697),('BRA','SL.UEM.TERT.FE.ZS','2012 [YR2012]',7.59999990463257),('BRA','SL.UEM.TERT.FE.ZS','2013 [YR2013]',7.80000019073486),('BRA','SL.UEM.TERT.MA.ZS','2001 [YR2001]',1.89999997615814),('BRA','SL.UEM.TERT.MA.ZS','2002 [YR2002]',2.5),('BRA','SL.UEM.TERT.MA.ZS','2003 [YR2003]',2.40000009536743),('BRA','SL.UEM.TERT.MA.ZS','2004 [YR2004]',2.59999990463257),('BRA','SL.UEM.TERT.MA.ZS','2005 [YR2005]',2.79999995231628),('BRA','SL.UEM.TERT.MA.ZS','2006 [YR2006]',2.59999990463257),('BRA','SL.UEM.TERT.MA.ZS','2007 [YR2007]',3.5),('BRA','SL.UEM.TERT.MA.ZS','2011 [YR2011]',10.3000001907349),('BRA','SL.UEM.TERT.MA.ZS','2012 [YR2012]',5.09999990463257),('BRA','SL.UEM.TERT.MA.ZS','2013 [YR2013]',5),('BRB','SL.UEM.TERT.FE.ZS','1998 [YR1998]',3.70000004768372),('BRB','SL.UEM.TERT.FE.ZS','1999 [YR1999]',6.80000019073486),('BRB','SL.UEM.TERT.FE.ZS','2000 [YR2000]',10.1000003814697),('BRB','SL.UEM.TERT.FE.ZS','2001 [YR2001]',9.60000038146973),('BRB','SL.UEM.TERT.FE.ZS','2002 [YR2002]',10.6999998092651),('BRB','SL.UEM.TERT.FE.ZS','2003 [YR2003]',11.1999998092651),('BRB','SL.UEM.TERT.MA.ZS','1998 [YR1998]',5),('BRB','SL.UEM.TERT.MA.ZS','1999 [YR1999]',5.40000009536743),('BRB','SL.UEM.TERT.MA.ZS','2000 [YR2000]',14.5),('BRB','SL.UEM.TERT.MA.ZS','2001 [YR2001]',8.30000019073486),('BRB','SL.UEM.TERT.MA.ZS','2002 [YR2002]',7.80000019073486),('BRB','SL.UEM.TERT.MA.ZS','2003 [YR2003]',5.59999990463257),('BRN','SL.UEM.TERT.FE.ZS','2001 [YR2001]',4.5),('BRN','SL.UEM.TERT.FE.ZS','2002 [YR2002]',8.10000038146973),('BRN','SL.UEM.TERT.FE.ZS','2003 [YR2003]',7.59999990463257),('BRN','SL.UEM.TERT.MA.ZS','2001 [YR2001]',5.19999980926514),('BRN','SL.UEM.TERT.MA.ZS','2002 [YR2002]',9.19999980926514),('BRN','SL.UEM.TERT.MA.ZS','2003 [YR2003]',5.80000019073486),('BTN','SL.UEM.TERT.FE.ZS','2006 [YR2006]',5.30000019073486),('BTN','SL.UEM.TERT.FE.ZS','2009 [YR2009]',2.40000009536743),('BTN','SL.UEM.TERT.FE.ZS','2010 [YR2010]',3.09999990463257),('BTN','SL.UEM.TERT.FE.ZS','2011 [YR2011]',5.5),('BTN','SL.UEM.TERT.FE.ZS','2012 [YR2012]',12.1999998092651),('BTN','SL.UEM.TERT.FE.ZS','2013 [YR2013]',28.2000007629395),('BTN','SL.UEM.TERT.MA.ZS','2006 [YR2006]',8.80000019073486),('BTN','SL.UEM.TERT.MA.ZS','2009 [YR2009]',6.80000019073486),('BTN','SL.UEM.TERT.MA.ZS','2010 [YR2010]',8.69999980926514),('BTN','SL.UEM.TERT.MA.ZS','2011 [YR2011]',9.39999961853027),('BTN','SL.UEM.TERT.MA.ZS','2012 [YR2012]',13.8999996185303),('BTN','SL.UEM.TERT.MA.ZS','2013 [YR2013]',38.5999984741211),('BWA','SL.UEM.TERT.FE.ZS','2003 [YR2003]',30.2000007629395),('BWA','SL.UEM.TERT.FE.ZS','2006 [YR2006]',29.7999992370605),('BWA','SL.UEM.TERT.FE.ZS','2010 [YR2010]',5.69999980926514),('BWA','SL.UEM.TERT.MA.ZS','2003 [YR2003]',23.8999996185303),('BWA','SL.UEM.TERT.MA.ZS','2006 [YR2006]',26.2000007629395),('BWA','SL.UEM.TERT.MA.ZS','2010 [YR2010]',6.69999980926514),('CAN','SL.UEM.TERT.FE.ZS','1998 [YR1998]',26.7000007629395),('CAN','SL.UEM.TERT.FE.ZS','1999 [YR1999]',28.3999996185303),('CAN','SL.UEM.TERT.FE.ZS','2000 [YR2000]',28.2999992370605),('CAN','SL.UEM.TERT.FE.ZS','2001 [YR2001]',31.7999992370605),('CAN','SL.UEM.TERT.FE.ZS','2002 [YR2002]',32.2999992370605),('CAN','SL.UEM.TERT.FE.ZS','2003 [YR2003]',34.2000007629395),('CAN','SL.UEM.TERT.FE.ZS','2004 [YR2004]',34.2999992370605),('CAN','SL.UEM.TERT.FE.ZS','2005 [YR2005]',35.7999992370605),('CAN','SL.UEM.TERT.FE.ZS','2006 [YR2006]',35.7000007629395),('CAN','SL.UEM.TERT.FE.ZS','2007 [YR2007]',36.7999992370605),('CAN','SL.UEM.TERT.FE.ZS','2008 [YR2008]',38.7000007629395),('CAN','SL.UEM.TERT.FE.ZS','2009 [YR2009]',37.2000007629395),('CAN','SL.UEM.TERT.FE.ZS','2010 [YR2010]',39.7999992370605),('CAN','SL.UEM.TERT.FE.ZS','2011 [YR2011]',40.9000015258789),('CAN','SL.UEM.TERT.FE.ZS','2012 [YR2012]',42.7000007629395),('CAN','SL.UEM.TERT.FE.ZS','2013 [YR2013]',41.9000015258789),('CAN','SL.UEM.TERT.FE.ZS','2014 [YR2014]',43.0999984741211),('CAN','SL.UEM.TERT.MA.ZS','1998 [YR1998]',20.2000007629395),('CAN','SL.UEM.TERT.MA.ZS','1999 [YR1999]',21),('CAN','SL.UEM.TERT.MA.ZS','2000 [YR2000]',21.7000007629395),('CAN','SL.UEM.TERT.MA.ZS','2001 [YR2001]',24.7999992370605),('CAN','SL.UEM.TERT.MA.ZS','2002 [YR2002]',25.7999992370605),('CAN','SL.UEM.TERT.MA.ZS','2003 [YR2003]',26.8999996185303),('CAN','SL.UEM.TERT.MA.ZS','2004 [YR2004]',26.2999992370605),('CAN','SL.UEM.TERT.MA.ZS','2005 [YR2005]',28),('CAN','SL.UEM.TERT.MA.ZS','2006 [YR2006]',27.3999996185303),('CAN','SL.UEM.TERT.MA.ZS','2007 [YR2007]',26.7000007629395),('CAN','SL.UEM.TERT.MA.ZS','2008 [YR2008]',28.1000003814697),('CAN','SL.UEM.TERT.MA.ZS','2009 [YR2009]',27.7999992370605),('CAN','SL.UEM.TERT.MA.ZS','2010 [YR2010]',28.7999992370605),('CAN','SL.UEM.TERT.MA.ZS','2011 [YR2011]',28.7999992370605),('CAN','SL.UEM.TERT.MA.ZS','2012 [YR2012]',31.6000003814697),('CAN','SL.UEM.TERT.MA.ZS','2013 [YR2013]',31.2999992370605),('CAN','SL.UEM.TERT.MA.ZS','2014 [YR2014]',31.7999992370605),('CHE','SL.UEM.TERT.FE.ZS','1998 [YR1998]',16.7999992370605),('CHE','SL.UEM.TERT.FE.ZS','1999 [YR1999]',13.1999998092651),('CHE','SL.UEM.TERT.FE.ZS','2000 [YR2000]',9.19999980926514),('CHE','SL.UEM.TERT.FE.ZS','2001 [YR2001]',14.1000003814697),('CHE','SL.UEM.TERT.FE.ZS','2002 [YR2002]',13.5),('CHE','SL.UEM.TERT.FE.ZS','2003 [YR2003]',12.6000003814697),('CHE','SL.UEM.TERT.FE.ZS','2004 [YR2004]',13.6000003814697),('CHE','SL.UEM.TERT.FE.ZS','2005 [YR2005]',15),('CHE','SL.UEM.TERT.FE.ZS','2006 [YR2006]',13.8999996185303),('CHE','SL.UEM.TERT.FE.ZS','2007 [YR2007]',14.8000001907349),('CHE','SL.UEM.TERT.FE.ZS','2008 [YR2008]',15.1000003814697),('CHE','SL.UEM.TERT.FE.ZS','2009 [YR2009]',20),('CHE','SL.UEM.TERT.FE.ZS','2010 [YR2010]',19.8999996185303),('CHE','SL.UEM.TERT.FE.ZS','2011 [YR2011]',21.7999992370605),('CHE','SL.UEM.TERT.FE.ZS','2012 [YR2012]',21.7999992370605),('CHE','SL.UEM.TERT.FE.ZS','2013 [YR2013]',23.7999992370605),('CHE','SL.UEM.TERT.FE.ZS','2014 [YR2014]',23.8999996185303),('CHE','SL.UEM.TERT.MA.ZS','1998 [YR1998]',19.7000007629395),('CHE','SL.UEM.TERT.MA.ZS','1999 [YR1999]',13.6000003814697),('CHE','SL.UEM.TERT.MA.ZS','2000 [YR2000]',14.5),('CHE','SL.UEM.TERT.MA.ZS','2001 [YR2001]',14.3999996185303),('CHE','SL.UEM.TERT.MA.ZS','2002 [YR2002]',22.7000007629395),('CHE','SL.UEM.TERT.MA.ZS','2003 [YR2003]',24.5),('CHE','SL.UEM.TERT.MA.ZS','2004 [YR2004]',20.2999992370605),('CHE','SL.UEM.TERT.MA.ZS','2005 [YR2005]',20.1000003814697),('CHE','SL.UEM.TERT.MA.ZS','2006 [YR2006]',21.1000003814697),('CHE','SL.UEM.TERT.MA.ZS','2007 [YR2007]',21.7000007629395),('CHE','SL.UEM.TERT.MA.ZS','2008 [YR2008]',21.5),('CHE','SL.UEM.TERT.MA.ZS','2009 [YR2009]',23.7000007629395),('CHE','SL.UEM.TERT.MA.ZS','2010 [YR2010]',23.3999996185303),('CHE','SL.UEM.TERT.MA.ZS','2011 [YR2011]',21.7000007629395),('CHE','SL.UEM.TERT.MA.ZS','2012 [YR2012]',23.5),('CHE','SL.UEM.TERT.MA.ZS','2013 [YR2013]',26.6000003814697),('CHE','SL.UEM.TERT.MA.ZS','2014 [YR2014]',29.1000003814697),('CHL','SL.UEM.TERT.FE.ZS','2006 [YR2006]',29.2000007629395),('CHL','SL.UEM.TERT.FE.ZS','2007 [YR2007]',29.3999996185303),('CHL','SL.UEM.TERT.FE.ZS','2011 [YR2011]',22.6000003814697),('CHL','SL.UEM.TERT.MA.ZS','2006 [YR2006]',21.5),('CHL','SL.UEM.TERT.MA.ZS','2007 [YR2007]',21),('CHL','SL.UEM.TERT.MA.ZS','2011 [YR2011]',20.8999996185303),('COL','SL.UEM.TERT.FE.ZS','1998 [YR1998]',19.5),('COL','SL.UEM.TERT.FE.ZS','1999 [YR1999]',19.1000003814697),('COL','SL.UEM.TERT.FE.ZS','2000 [YR2000]',21.7999992370605),('COL','SL.UEM.TERT.FE.ZS','2001 [YR2001]',16),('COL','SL.UEM.TERT.FE.ZS','2002 [YR2002]',14.5),('COL','SL.UEM.TERT.FE.ZS','2003 [YR2003]',17.1000003814697),('COL','SL.UEM.TERT.FE.ZS','2004 [YR2004]',18.2999992370605),('COL','SL.UEM.TERT.FE.ZS','2005 [YR2005]',20.6000003814697),('COL','SL.UEM.TERT.FE.ZS','2006 [YR2006]',18.7000007629395),('COL','SL.UEM.TERT.FE.ZS','2007 [YR2007]',23.7000007629395),('COL','SL.UEM.TERT.FE.ZS','2008 [YR2008]',25.5),('COL','SL.UEM.TERT.FE.ZS','2009 [YR2009]',22.2000007629395),('COL','SL.UEM.TERT.FE.ZS','2010 [YR2010]',26),('COL','SL.UEM.TERT.FE.ZS','2011 [YR2011]',25.7000007629395),('COL','SL.UEM.TERT.MA.ZS','1998 [YR1998]',18.1000003814697),('COL','SL.UEM.TERT.MA.ZS','1999 [YR1999]',19.2000007629395),('COL','SL.UEM.TERT.MA.ZS','2000 [YR2000]',25.1000003814697),('COL','SL.UEM.TERT.MA.ZS','2001 [YR2001]',14.3999996185303),('COL','SL.UEM.TERT.MA.ZS','2002 [YR2002]',14.8999996185303),('COL','SL.UEM.TERT.MA.ZS','2003 [YR2003]',16.8999996185303),('COL','SL.UEM.TERT.MA.ZS','2004 [YR2004]',17.6000003814697),('COL','SL.UEM.TERT.MA.ZS','2005 [YR2005]',20.2999992370605),('COL','SL.UEM.TERT.MA.ZS','2006 [YR2006]',15.8999996185303),('COL','SL.UEM.TERT.MA.ZS','2007 [YR2007]',20.3999996185303),('COL','SL.UEM.TERT.MA.ZS','2008 [YR2008]',22.2000007629395),('COL','SL.UEM.TERT.MA.ZS','2009 [YR2009]',19.7999992370605),('COL','SL.UEM.TERT.MA.ZS','2010 [YR2010]',23.7999992370605),('COL','SL.UEM.TERT.MA.ZS','2011 [YR2011]',22.7999992370605),('CRI','SL.UEM.TERT.FE.ZS','1998 [YR1998]',9.69999980926514),('CRI','SL.UEM.TERT.FE.ZS','1999 [YR1999]',10.3000001907349),('CRI','SL.UEM.TERT.FE.ZS','2000 [YR2000]',8.80000019073486),('CRI','SL.UEM.TERT.FE.ZS','2001 [YR2001]',12.6000003814697),('CRI','SL.UEM.TERT.FE.ZS','2002 [YR2002]',12.8000001907349),('CRI','SL.UEM.TERT.FE.ZS','2003 [YR2003]',9),('CRI','SL.UEM.TERT.FE.ZS','2004 [YR2004]',10.8999996185303),('CRI','SL.UEM.TERT.FE.ZS','2005 [YR2005]',13.8000001907349),('CRI','SL.UEM.TERT.FE.ZS','2007 [YR2007]',12.1999998092651),('CRI','SL.UEM.TERT.FE.ZS','2008 [YR2008]',18.5),('CRI','SL.UEM.TERT.FE.ZS','2009 [YR2009]',12.6000003814697),('CRI','SL.UEM.TERT.FE.ZS','2010 [YR2010]',16.6000003814697),('CRI','SL.UEM.TERT.FE.ZS','2011 [YR2011]',18.5),('CRI','SL.UEM.TERT.FE.ZS','2012 [YR2012]',19.6000003814697),('CRI','SL.UEM.TERT.FE.ZS','2013 [YR2013]',16.3999996185303),('CRI','SL.UEM.TERT.MA.ZS','1998 [YR1998]',9.89999961853027),('CRI','SL.UEM.TERT.MA.ZS','1999 [YR1999]',6.09999990463257),('CRI','SL.UEM.TERT.MA.ZS','2000 [YR2000]',5.59999990463257),('CRI','SL.UEM.TERT.MA.ZS','2001 [YR2001]',7.90000009536743),('CRI','SL.UEM.TERT.MA.ZS','2002 [YR2002]',6.80000019073486),('CRI','SL.UEM.TERT.MA.ZS','2003 [YR2003]',9.19999980926514),('CRI','SL.UEM.TERT.MA.ZS','2004 [YR2004]',9),('CRI','SL.UEM.TERT.MA.ZS','2005 [YR2005]',10.3999996185303),('CRI','SL.UEM.TERT.MA.ZS','2007 [YR2007]',8),('CRI','SL.UEM.TERT.MA.ZS','2008 [YR2008]',10.1999998092651),('CRI','SL.UEM.TERT.MA.ZS','2009 [YR2009]',8.5),('CRI','SL.UEM.TERT.MA.ZS','2010 [YR2010]',10.1999998092651),('CRI','SL.UEM.TERT.MA.ZS','2011 [YR2011]',12.6000003814697),('CRI','SL.UEM.TERT.MA.ZS','2012 [YR2012]',11.3000001907349),('CRI','SL.UEM.TERT.MA.ZS','2013 [YR2013]',10.5),('CUB','SL.UEM.TERT.FE.ZS','1998 [YR1998]',3.70000004768372),('CUB','SL.UEM.TERT.FE.ZS','1999 [YR1999]',2.79999995231628),('CUB','SL.UEM.TERT.FE.ZS','2000 [YR2000]',2.20000004768372),('CUB','SL.UEM.TERT.FE.ZS','2001 [YR2001]',2.5),('CUB','SL.UEM.TERT.FE.ZS','2002 [YR2002]',2),('CUB','SL.UEM.TERT.FE.ZS','2003 [YR2003]',3.59999990463257),('CUB','SL.UEM.TERT.FE.ZS','2004 [YR2004]',3.90000009536743),('CUB','SL.UEM.TERT.FE.ZS','2005 [YR2005]',3.59999990463257),('CUB','SL.UEM.TERT.FE.ZS','2006 [YR2006]',4.69999980926514),('CUB','SL.UEM.TERT.FE.ZS','2007 [YR2007]',5.09999990463257),('CUB','SL.UEM.TERT.FE.ZS','2008 [YR2008]',4.30000019073486),('CUB','SL.UEM.TERT.FE.ZS','2009 [YR2009]',6),('CUB','SL.UEM.TERT.FE.ZS','2010 [YR2010]',11.6999998092651),('CUB','SL.UEM.TERT.MA.ZS','1998 [YR1998]',2.29999995231628),('CUB','SL.UEM.TERT.MA.ZS','1999 [YR1999]',3.59999990463257),('CUB','SL.UEM.TERT.MA.ZS','2000 [YR2000]',3.09999990463257),('CUB','SL.UEM.TERT.MA.ZS','2001 [YR2001]',3.09999990463257),('CUB','SL.UEM.TERT.MA.ZS','2002 [YR2002]',3.09999990463257),('CUB','SL.UEM.TERT.MA.ZS','2003 [YR2003]',4.30000019073486),('CUB','SL.UEM.TERT.MA.ZS','2004 [YR2004]',5),('CUB','SL.UEM.TERT.MA.ZS','2005 [YR2005]',5.30000019073486),('CUB','SL.UEM.TERT.MA.ZS','2006 [YR2006]',5),('CUB','SL.UEM.TERT.MA.ZS','2007 [YR2007]',4.30000019073486),('CUB','SL.UEM.TERT.MA.ZS','2008 [YR2008]',3.09999990463257),('CUB','SL.UEM.TERT.MA.ZS','2009 [YR2009]',2.90000009536743),('CUB','SL.UEM.TERT.MA.ZS','2010 [YR2010]',7.30000019073486),('CYM','SL.UEM.TERT.FE.ZS','2008 [YR2008]',25.8999996185303),('CYM','SL.UEM.TERT.FE.ZS','2011 [YR2011]',34.5),('CYM','SL.UEM.TERT.FE.ZS','2012 [YR2012]',36.4000015258789),('CYM','SL.UEM.TERT.FE.ZS','2013 [YR2013]',25.7000007629395),('CYM','SL.UEM.TERT.MA.ZS','2008 [YR2008]',15.5),('CYM','SL.UEM.TERT.MA.ZS','2011 [YR2011]',14.3999996185303),('CYM','SL.UEM.TERT.MA.ZS','2012 [YR2012]',16.7000007629395),('CYM','SL.UEM.TERT.MA.ZS','2013 [YR2013]',9.5),('CYP','SL.UEM.TERT.FE.ZS','1998 [YR1998]',21.8999996185303),('CYP','SL.UEM.TERT.FE.ZS','1999 [YR1999]',19.6000003814697),('CYP','SL.UEM.TERT.FE.ZS','2000 [YR2000]',14.5),('CYP','SL.UEM.TERT.FE.ZS','2001 [YR2001]',22.3999996185303),('CYP','SL.UEM.TERT.FE.ZS','2002 [YR2002]',25.1000003814697),('CYP','SL.UEM.TERT.FE.ZS','2003 [YR2003]',35),('CYP','SL.UEM.TERT.FE.ZS','2004 [YR2004]',24.7000007629395),('CYP','SL.UEM.TERT.FE.ZS','2005 [YR2005]',30.5),('CYP','SL.UEM.TERT.FE.ZS','2006 [YR2006]',37.7000007629395),('CYP','SL.UEM.TERT.FE.ZS','2007 [YR2007]',38.2999992370605),('CYP','SL.UEM.TERT.FE.ZS','2008 [YR2008]',34.0999984741211),('CYP','SL.UEM.TERT.FE.ZS','2009 [YR2009]',41),('CYP','SL.UEM.TERT.FE.ZS','2010 [YR2010]',44.0999984741211),('CYP','SL.UEM.TERT.FE.ZS','2011 [YR2011]',45.7000007629395),('CYP','SL.UEM.TERT.FE.ZS','2012 [YR2012]',48.4000015258789),('CYP','SL.UEM.TERT.FE.ZS','2013 [YR2013]',45.4000015258789),('CYP','SL.UEM.TERT.FE.ZS','2014 [YR2014]',46.4000015258789),('CYP','SL.UEM.TERT.MA.ZS','1998 [YR1998]',18),('CYP','SL.UEM.TERT.MA.ZS','1999 [YR1999]',17.5),('CYP','SL.UEM.TERT.MA.ZS','2000 [YR2000]',18.3999996185303),('CYP','SL.UEM.TERT.MA.ZS','2001 [YR2001]',19.2999992370605),('CYP','SL.UEM.TERT.MA.ZS','2002 [YR2002]',20.8999996185303),('CYP','SL.UEM.TERT.MA.ZS','2003 [YR2003]',24.1000003814697),('CYP','SL.UEM.TERT.MA.ZS','2004 [YR2004]',19.2000007629395),('CYP','SL.UEM.TERT.MA.ZS','2005 [YR2005]',20.7000007629395),('CYP','SL.UEM.TERT.MA.ZS','2006 [YR2006]',25.6000003814697),('CYP','SL.UEM.TERT.MA.ZS','2007 [YR2007]',22.2000007629395),('CYP','SL.UEM.TERT.MA.ZS','2008 [YR2008]',25.3999996185303),('CYP','SL.UEM.TERT.MA.ZS','2009 [YR2009]',21.6000003814697),('CYP','SL.UEM.TERT.MA.ZS','2010 [YR2010]',24.7000007629395),('CYP','SL.UEM.TERT.MA.ZS','2011 [YR2011]',28.1000003814697),('CYP','SL.UEM.TERT.MA.ZS','2012 [YR2012]',25.8999996185303),('CYP','SL.UEM.TERT.MA.ZS','2013 [YR2013]',26.1000003814697),('CYP','SL.UEM.TERT.MA.ZS','2014 [YR2014]',24.6000003814697),('CZE','SL.UEM.TERT.FE.ZS','1998 [YR1998]',3.09999990463257),('CZE','SL.UEM.TERT.FE.ZS','1999 [YR1999]',3.70000004768372),('CZE','SL.UEM.TERT.FE.ZS','2000 [YR2000]',4),('CZE','SL.UEM.TERT.FE.ZS','2001 [YR2001]',3.70000004768372),('CZE','SL.UEM.TERT.FE.ZS','2002 [YR2002]',2.40000009536743),('CZE','SL.UEM.TERT.FE.ZS','2003 [YR2003]',2.79999995231628),('CZE','SL.UEM.TERT.FE.ZS','2004 [YR2004]',2.5),('CZE','SL.UEM.TERT.FE.ZS','2005 [YR2005]',3.5),('CZE','SL.UEM.TERT.FE.ZS','2006 [YR2006]',4.19999980926514),('CZE','SL.UEM.TERT.FE.ZS','2007 [YR2007]',3.5),('CZE','SL.UEM.TERT.FE.ZS','2008 [YR2008]',4.90000009536743),('CZE','SL.UEM.TERT.FE.ZS','2009 [YR2009]',4.90000009536743),('CZE','SL.UEM.TERT.FE.ZS','2010 [YR2010]',6.19999980926514),('CZE','SL.UEM.TERT.FE.ZS','2011 [YR2011]',7.80000019073486),('CZE','SL.UEM.TERT.FE.ZS','2012 [YR2012]',8.69999980926514),('CZE','SL.UEM.TERT.FE.ZS','2013 [YR2013]',9.19999980926514),('CZE','SL.UEM.TERT.FE.ZS','2014 [YR2014]',10.8999996185303),('CZE','SL.UEM.TERT.MA.ZS','1998 [YR1998]',4.69999980926514),('CZE','SL.UEM.TERT.MA.ZS','1999 [YR1999]',4.40000009536743),('CZE','SL.UEM.TERT.MA.ZS','2000 [YR2000]',4),('CZE','SL.UEM.TERT.MA.ZS','2001 [YR2001]',4),('CZE','SL.UEM.TERT.MA.ZS','2002 [YR2002]',4.19999980926514),('CZE','SL.UEM.TERT.MA.ZS','2003 [YR2003]',4.5),('CZE','SL.UEM.TERT.MA.ZS','2004 [YR2004]',4.19999980926514),('CZE','SL.UEM.TERT.MA.ZS','2005 [YR2005]',4.59999990463257),('CZE','SL.UEM.TERT.MA.ZS','2006 [YR2006]',5.5),('CZE','SL.UEM.TERT.MA.ZS','2007 [YR2007]',5.80000019073486),('CZE','SL.UEM.TERT.MA.ZS','2008 [YR2008]',6.80000019073486),('CZE','SL.UEM.TERT.MA.ZS','2009 [YR2009]',6.90000009536743),('CZE','SL.UEM.TERT.MA.ZS','2010 [YR2010]',7.19999980926514),('CZE','SL.UEM.TERT.MA.ZS','2011 [YR2011]',7.90000009536743),('CZE','SL.UEM.TERT.MA.ZS','2012 [YR2012]',7.69999980926514),('CZE','SL.UEM.TERT.MA.ZS','2013 [YR2013]',7.69999980926514),('CZE','SL.UEM.TERT.MA.ZS','2014 [YR2014]',9.60000038146973),('DEU','SL.UEM.TERT.FE.ZS','1998 [YR1998]',12.1999998092651),('DEU','SL.UEM.TERT.FE.ZS','1999 [YR1999]',11.8000001907349),('DEU','SL.UEM.TERT.FE.ZS','2000 [YR2000]',12.3999996185303),('DEU','SL.UEM.TERT.FE.ZS','2001 [YR2001]',12),('DEU','SL.UEM.TERT.FE.ZS','2002 [YR2002]',10.8999996185303),('DEU','SL.UEM.TERT.FE.ZS','2003 [YR2003]',12.3999996185303),('DEU','SL.UEM.TERT.FE.ZS','2004 [YR2004]',12.5),('DEU','SL.UEM.TERT.FE.ZS','2005 [YR2005]',11.8000001907349),('DEU','SL.UEM.TERT.FE.ZS','2006 [YR2006]',10.8999996185303),('DEU','SL.UEM.TERT.FE.ZS','2007 [YR2007]',10.8999996185303),('DEU','SL.UEM.TERT.FE.ZS','2008 [YR2008]',11.5),('DEU','SL.UEM.TERT.FE.ZS','2009 [YR2009]',12.1000003814697),('DEU','SL.UEM.TERT.FE.ZS','2010 [YR2010]',12.1000003814697),('DEU','SL.UEM.TERT.FE.ZS','2011 [YR2011]',12.3000001907349),('DEU','SL.UEM.TERT.FE.ZS','2012 [YR2012]',13.3999996185303),('DEU','SL.UEM.TERT.FE.ZS','2013 [YR2013]',14.3000001907349),('DEU','SL.UEM.TERT.FE.ZS','2014 [YR2014]',14.3000001907349),('DEU','SL.UEM.TERT.MA.ZS','1998 [YR1998]',14.1999998092651),('DEU','SL.UEM.TERT.MA.ZS','1999 [YR1999]',14.1000003814697),('DEU','SL.UEM.TERT.MA.ZS','2000 [YR2000]',12.8999996185303),('DEU','SL.UEM.TERT.MA.ZS','2001 [YR2001]',12.6000003814697),('DEU','SL.UEM.TERT.MA.ZS','2002 [YR2002]',11.3000001907349),('DEU','SL.UEM.TERT.MA.ZS','2003 [YR2003]',11.6999998092651),('DEU','SL.UEM.TERT.MA.ZS','2004 [YR2004]',12.1999998092651),('DEU','SL.UEM.TERT.MA.ZS','2005 [YR2005]',12.3999996185303),('DEU','SL.UEM.TERT.MA.ZS','2006 [YR2006]',11.3000001907349),('DEU','SL.UEM.TERT.MA.ZS','2007 [YR2007]',10.3999996185303),('DEU','SL.UEM.TERT.MA.ZS','2008 [YR2008]',10.6000003814697),('DEU','SL.UEM.TERT.MA.ZS','2009 [YR2009]',11),('DEU','SL.UEM.TERT.MA.ZS','2010 [YR2010]',11.1000003814697),('DEU','SL.UEM.TERT.MA.ZS','2011 [YR2011]',10.3999996185303),('DEU','SL.UEM.TERT.MA.ZS','2012 [YR2012]',11.1000003814697),('DEU','SL.UEM.TERT.MA.ZS','2013 [YR2013]',11.6999998092651),('DEU','SL.UEM.TERT.MA.ZS','2014 [YR2014]',12.6999998092651),('DNK','SL.UEM.TERT.FE.ZS','1998 [YR1998]',14.6999998092651),('DNK','SL.UEM.TERT.FE.ZS','1999 [YR1999]',15.3999996185303),('DNK','SL.UEM.TERT.FE.ZS','2000 [YR2000]',13.3000001907349),('DNK','SL.UEM.TERT.FE.ZS','2001 [YR2001]',20.2000007629395),('DNK','SL.UEM.TERT.FE.ZS','2002 [YR2002]',25.1000003814697),('DNK','SL.UEM.TERT.FE.ZS','2003 [YR2003]',30),('DNK','SL.UEM.TERT.FE.ZS','2004 [YR2004]',22.8999996185303),('DNK','SL.UEM.TERT.FE.ZS','2005 [YR2005]',25.5),('DNK','SL.UEM.TERT.FE.ZS','2006 [YR2006]',29.8999996185303),('DNK','SL.UEM.TERT.FE.ZS','2007 [YR2007]',23.6000003814697),('DNK','SL.UEM.TERT.FE.ZS','2008 [YR2008]',18.7000007629395),('DNK','SL.UEM.TERT.FE.ZS','2009 [YR2009]',21),('DNK','SL.UEM.TERT.FE.ZS','2010 [YR2010]',22.3999996185303),('DNK','SL.UEM.TERT.FE.ZS','2011 [YR2011]',25.7000007629395),('DNK','SL.UEM.TERT.FE.ZS','2012 [YR2012]',24.7000007629395),('DNK','SL.UEM.TERT.FE.ZS','2013 [YR2013]',24),('DNK','SL.UEM.TERT.FE.ZS','2014 [YR2014]',26.5),('DNK','SL.UEM.TERT.MA.ZS','1998 [YR1998]',17.8999996185303),('DNK','SL.UEM.TERT.MA.ZS','1999 [YR1999]',13.8000001907349),('DNK','SL.UEM.TERT.MA.ZS','2000 [YR2000]',14.6000003814697),('DNK','SL.UEM.TERT.MA.ZS','2001 [YR2001]',24.5),('DNK','SL.UEM.TERT.MA.ZS','2002 [YR2002]',22.6000003814697),('DNK','SL.UEM.TERT.MA.ZS','2003 [YR2003]',23.7000007629395),('DNK','SL.UEM.TERT.MA.ZS','2004 [YR2004]',24.2999992370605),('DNK','SL.UEM.TERT.MA.ZS','2005 [YR2005]',22.8999996185303),('DNK','SL.UEM.TERT.MA.ZS','2006 [YR2006]',24),('DNK','SL.UEM.TERT.MA.ZS','2007 [YR2007]',21.2000007629395),('DNK','SL.UEM.TERT.MA.ZS','2008 [YR2008]',18.8999996185303),('DNK','SL.UEM.TERT.MA.ZS','2009 [YR2009]',15.8999996185303),('DNK','SL.UEM.TERT.MA.ZS','2010 [YR2010]',16.8999996185303),('DNK','SL.UEM.TERT.MA.ZS','2011 [YR2011]',16.8999996185303),('DNK','SL.UEM.TERT.MA.ZS','2012 [YR2012]',15.8000001907349),('DNK','SL.UEM.TERT.MA.ZS','2013 [YR2013]',18.6000003814697),('DNK','SL.UEM.TERT.MA.ZS','2014 [YR2014]',18.1000003814697),('DOM','SL.UEM.TERT.FE.ZS','2004 [YR2004]',15.8000001907349),('DOM','SL.UEM.TERT.FE.ZS','2005 [YR2005]',17),('DOM','SL.UEM.TERT.FE.ZS','2006 [YR2006]',18.2000007629395),('DOM','SL.UEM.TERT.FE.ZS','2007 [YR2007]',18.2000007629395),('DOM','SL.UEM.TERT.FE.ZS','2011 [YR2011]',20.2999992370605),('DOM','SL.UEM.TERT.FE.ZS','2012 [YR2012]',20.7999992370605),('DOM','SL.UEM.TERT.FE.ZS','2013 [YR2013]',20.8999996185303),('DOM','SL.UEM.TERT.MA.ZS','2004 [YR2004]',13.8999996185303),('DOM','SL.UEM.TERT.MA.ZS','2005 [YR2005]',15.6000003814697),('DOM','SL.UEM.TERT.MA.ZS','2006 [YR2006]',14),('DOM','SL.UEM.TERT.MA.ZS','2007 [YR2007]',13.1999998092651),('DOM','SL.UEM.TERT.MA.ZS','2011 [YR2011]',17.3999996185303),('DOM','SL.UEM.TERT.MA.ZS','2012 [YR2012]',12.6000003814697),('DOM','SL.UEM.TERT.MA.ZS','2013 [YR2013]',12.1999998092651),('DZA','SL.UEM.TERT.FE.ZS','2001 [YR2001]',26.7999992370605),('DZA','SL.UEM.TERT.FE.ZS','2003 [YR2003]',30.1000003814697),('DZA','SL.UEM.TERT.FE.ZS','2004 [YR2004]',33),('DZA','SL.UEM.TERT.FE.ZS','2008 [YR2008]',46.7999992370605),('DZA','SL.UEM.TERT.FE.ZS','2011 [YR2011]',51.9000015258789),('DZA','SL.UEM.TERT.MA.ZS','2001 [YR2001]',5.59999990463257),('DZA','SL.UEM.TERT.MA.ZS','2003 [YR2003]',5.80000019073486),('DZA','SL.UEM.TERT.MA.ZS','2004 [YR2004]',6.59999990463257),('DZA','SL.UEM.TERT.MA.ZS','2008 [YR2008]',10.5),('DZA','SL.UEM.TERT.MA.ZS','2011 [YR2011]',10.6000003814697),('ECU','SL.UEM.TERT.FE.ZS','1999 [YR1999]',19.7999992370605),('ECU','SL.UEM.TERT.FE.ZS','2000 [YR2000]',22.7999992370605),('ECU','SL.UEM.TERT.FE.ZS','2001 [YR2001]',20.6000003814697),('ECU','SL.UEM.TERT.FE.ZS','2002 [YR2002]',20.3999996185303),('ECU','SL.UEM.TERT.FE.ZS','2004 [YR2004]',23.6000003814697),('ECU','SL.UEM.TERT.FE.ZS','2005 [YR2005]',22.3999996185303),('ECU','SL.UEM.TERT.FE.ZS','2006 [YR2006]',25.3999996185303),('ECU','SL.UEM.TERT.FE.ZS','2007 [YR2007]',26.3999996185303),('ECU','SL.UEM.TERT.FE.ZS','2008 [YR2008]',25.3999996185303),('ECU','SL.UEM.TERT.FE.ZS','2009 [YR2009]',28.7000007629395),('ECU','SL.UEM.TERT.FE.ZS','2010 [YR2010]',29.7999992370605),('ECU','SL.UEM.TERT.FE.ZS','2011 [YR2011]',27.3999996185303),('ECU','SL.UEM.TERT.FE.ZS','2012 [YR2012]',32.2999992370605),('ECU','SL.UEM.TERT.FE.ZS','2013 [YR2013]',28.7999992370605),('ECU','SL.UEM.TERT.MA.ZS','1999 [YR1999]',14.3000001907349),('ECU','SL.UEM.TERT.MA.ZS','2000 [YR2000]',18.3999996185303),('ECU','SL.UEM.TERT.MA.ZS','2001 [YR2001]',19.5),('ECU','SL.UEM.TERT.MA.ZS','2002 [YR2002]',20.1000003814697),('ECU','SL.UEM.TERT.MA.ZS','2004 [YR2004]',19.7000007629395),('ECU','SL.UEM.TERT.MA.ZS','2005 [YR2005]',22.5),('ECU','SL.UEM.TERT.MA.ZS','2006 [YR2006]',21.2000007629395),('ECU','SL.UEM.TERT.MA.ZS','2007 [YR2007]',26.8999996185303),('ECU','SL.UEM.TERT.MA.ZS','2008 [YR2008]',20.7999992370605),('ECU','SL.UEM.TERT.MA.ZS','2009 [YR2009]',24.3999996185303),('ECU','SL.UEM.TERT.MA.ZS','2010 [YR2010]',24.8999996185303),('ECU','SL.UEM.TERT.MA.ZS','2011 [YR2011]',22.6000003814697),('ECU','SL.UEM.TERT.MA.ZS','2012 [YR2012]',25.7000007629395),('ECU','SL.UEM.TERT.MA.ZS','2013 [YR2013]',22.8999996185303),('EGY','SL.UEM.TERT.FE.ZS','2008 [YR2008]',32.2000007629395),('EGY','SL.UEM.TERT.FE.ZS','2009 [YR2009]',34),('EGY','SL.UEM.TERT.FE.ZS','2010 [YR2010]',42),('EGY','SL.UEM.TERT.FE.ZS','2011 [YR2011]',41.2000007629395),('EGY','SL.UEM.TERT.FE.ZS','2013 [YR2013]',40.0999984741211),('EGY','SL.UEM.TERT.MA.ZS','2008 [YR2008]',31.2999992370605),('EGY','SL.UEM.TERT.MA.ZS','2009 [YR2009]',37.5),('EGY','SL.UEM.TERT.MA.ZS','2010 [YR2010]',36.5),('EGY','SL.UEM.TERT.MA.ZS','2011 [YR2011]',25.3999996185303),('EGY','SL.UEM.TERT.MA.ZS','2013 [YR2013]',24.3999996185303),('ESP','SL.UEM.TERT.FE.ZS','1998 [YR1998]',23.7999992370605),('ESP','SL.UEM.TERT.FE.ZS','1999 [YR1999]',24.3999996185303),('ESP','SL.UEM.TERT.FE.ZS','2000 [YR2000]',23.7000007629395),('ESP','SL.UEM.TERT.FE.ZS','2001 [YR2001]',23.8999996185303),('ESP','SL.UEM.TERT.FE.ZS','2002 [YR2002]',26),('ESP','SL.UEM.TERT.FE.ZS','2003 [YR2003]',23.2000007629395),('ESP','SL.UEM.TERT.FE.ZS','2004 [YR2004]',25.2999992370605),('ESP','SL.UEM.TERT.FE.ZS','2005 [YR2005]',25.2999992370605),('ESP','SL.UEM.TERT.FE.ZS','2006 [YR2006]',24.5),('ESP','SL.UEM.TERT.FE.ZS','2007 [YR2007]',22.3999996185303),('ESP','SL.UEM.TERT.FE.ZS','2008 [YR2008]',21.5),('ESP','SL.UEM.TERT.FE.ZS','2009 [YR2009]',21.3999996185303),('ESP','SL.UEM.TERT.FE.ZS','2010 [YR2010]',23),('ESP','SL.UEM.TERT.FE.ZS','2011 [YR2011]',24.2000007629395),('ESP','SL.UEM.TERT.FE.ZS','2012 [YR2012]',25.7000007629395),('ESP','SL.UEM.TERT.FE.ZS','2013 [YR2013]',26.6000003814697),('ESP','SL.UEM.TERT.FE.ZS','2014 [YR2014]',26.6000003814697),('ESP','SL.UEM.TERT.MA.ZS','1998 [YR1998]',15.1999998092651),('ESP','SL.UEM.TERT.MA.ZS','1999 [YR1999]',16.5),('ESP','SL.UEM.TERT.MA.ZS','2000 [YR2000]',17.2999992370605),('ESP','SL.UEM.TERT.MA.ZS','2001 [YR2001]',17.2000007629395),('ESP','SL.UEM.TERT.MA.ZS','2002 [YR2002]',17.7000007629395),('ESP','SL.UEM.TERT.MA.ZS','2003 [YR2003]',18.6000003814697),('ESP','SL.UEM.TERT.MA.ZS','2004 [YR2004]',19),('ESP','SL.UEM.TERT.MA.ZS','2005 [YR2005]',20.8999996185303),('ESP','SL.UEM.TERT.MA.ZS','2006 [YR2006]',19.8999996185303),('ESP','SL.UEM.TERT.MA.ZS','2007 [YR2007]',18.2999992370605),('ESP','SL.UEM.TERT.MA.ZS','2008 [YR2008]',14.6000003814697),('ESP','SL.UEM.TERT.MA.ZS','2009 [YR2009]',14.5),('ESP','SL.UEM.TERT.MA.ZS','2010 [YR2010]',15.3999996185303),('ESP','SL.UEM.TERT.MA.ZS','2011 [YR2011]',16.6000003814697),('ESP','SL.UEM.TERT.MA.ZS','2012 [YR2012]',17.2000007629395),('ESP','SL.UEM.TERT.MA.ZS','2013 [YR2013]',18.2999992370605),('ESP','SL.UEM.TERT.MA.ZS','2014 [YR2014]',18.6000003814697),('EST','SL.UEM.TERT.FE.ZS','1998 [YR1998]',23.5),('EST','SL.UEM.TERT.FE.ZS','1999 [YR1999]',23.5),('EST','SL.UEM.TERT.FE.ZS','2000 [YR2000]',12.1000003814697),('EST','SL.UEM.TERT.FE.ZS','2001 [YR2001]',20.2000007629395),('EST','SL.UEM.TERT.FE.ZS','2002 [YR2002]',20.7000007629395),('EST','SL.UEM.TERT.FE.ZS','2003 [YR2003]',20.7999992370605),('EST','SL.UEM.TERT.FE.ZS','2004 [YR2004]',32.0999984741211),('EST','SL.UEM.TERT.FE.ZS','2005 [YR2005]',23.6000003814697),('EST','SL.UEM.TERT.FE.ZS','2006 [YR2006]',23.7000007629395),('EST','SL.UEM.TERT.FE.ZS','2007 [YR2007]',25.2000007629395),('EST','SL.UEM.TERT.FE.ZS','2008 [YR2008]',23.2999992370605),('EST','SL.UEM.TERT.FE.ZS','2009 [YR2009]',25.6000003814697),('EST','SL.UEM.TERT.FE.ZS','2010 [YR2010]',24.7999992370605),('EST','SL.UEM.TERT.FE.ZS','2011 [YR2011]',33.5999984741211),('EST','SL.UEM.TERT.FE.ZS','2012 [YR2012]',32.2000007629395),('EST','SL.UEM.TERT.FE.ZS','2013 [YR2013]',35.2999992370605),('EST','SL.UEM.TERT.FE.ZS','2014 [YR2014]',35.4000015258789),('EST','SL.UEM.TERT.MA.ZS','1998 [YR1998]',10.3000001907349),('EST','SL.UEM.TERT.MA.ZS','1999 [YR1999]',9.39999961853027),('EST','SL.UEM.TERT.MA.ZS','2000 [YR2000]',10.6000003814697),('EST','SL.UEM.TERT.MA.ZS','2001 [YR2001]',16.3999996185303),('EST','SL.UEM.TERT.MA.ZS','2002 [YR2002]',11.1999998092651),('EST','SL.UEM.TERT.MA.ZS','2003 [YR2003]',8.10000038146973),('EST','SL.UEM.TERT.MA.ZS','2004 [YR2004]',11.1000003814697),('EST','SL.UEM.TERT.MA.ZS','2005 [YR2005]',13.3000001907349),('EST','SL.UEM.TERT.MA.ZS','2006 [YR2006]',14.3999996185303),('EST','SL.UEM.TERT.MA.ZS','2007 [YR2007]',12.1999998092651),('EST','SL.UEM.TERT.MA.ZS','2008 [YR2008]',13.6999998092651),('EST','SL.UEM.TERT.MA.ZS','2009 [YR2009]',11),('EST','SL.UEM.TERT.MA.ZS','2010 [YR2010]',16.3999996185303),('EST','SL.UEM.TERT.MA.ZS','2011 [YR2011]',15),('EST','SL.UEM.TERT.MA.ZS','2012 [YR2012]',15.1999998092651),('EST','SL.UEM.TERT.MA.ZS','2013 [YR2013]',18.2000007629395),('EST','SL.UEM.TERT.MA.ZS','2014 [YR2014]',18.2999992370605),('ETH','SL.UEM.TERT.FE.ZS','1998 [YR1998]',2.40000009536743),('ETH','SL.UEM.TERT.FE.ZS','1999 [YR1999]',4.19999980926514),('ETH','SL.UEM.TERT.FE.ZS','2005 [YR2005]',2.29999995231628),('ETH','SL.UEM.TERT.FE.ZS','2009 [YR2009]',4.59999990463257),('ETH','SL.UEM.TERT.FE.ZS','2010 [YR2010]',8.10000038146973),('ETH','SL.UEM.TERT.FE.ZS','2011 [YR2011]',8.10000038146973),('ETH','SL.UEM.TERT.FE.ZS','2012 [YR2012]',9.10000038146973),('ETH','SL.UEM.TERT.MA.ZS','1998 [YR1998]',6.30000019073486),('ETH','SL.UEM.TERT.MA.ZS','1999 [YR1999]',11.1999998092651),('ETH','SL.UEM.TERT.MA.ZS','2005 [YR2005]',5.69999980926514),('ETH','SL.UEM.TERT.MA.ZS','2009 [YR2009]',9.19999980926514),('ETH','SL.UEM.TERT.MA.ZS','2010 [YR2010]',13.1000003814697),('ETH','SL.UEM.TERT.MA.ZS','2011 [YR2011]',14.6999998092651),('ETH','SL.UEM.TERT.MA.ZS','2012 [YR2012]',15.8000001907349),('FIN','SL.UEM.TERT.FE.ZS','1998 [YR1998]',17.7999992370605),('FIN','SL.UEM.TERT.FE.ZS','1999 [YR1999]',16.3999996185303),('FIN','SL.UEM.TERT.FE.ZS','2000 [YR2000]',17.6000003814697),('FIN','SL.UEM.TERT.FE.ZS','2001 [YR2001]',15.3999996185303),('FIN','SL.UEM.TERT.FE.ZS','2002 [YR2002]',14.5),('FIN','SL.UEM.TERT.FE.ZS','2003 [YR2003]',14.3000001907349),('FIN','SL.UEM.TERT.FE.ZS','2004 [YR2004]',19.1000003814697),('FIN','SL.UEM.TERT.FE.ZS','2005 [YR2005]',21.3999996185303),('FIN','SL.UEM.TERT.FE.ZS','2006 [YR2006]',19.7999992370605),('FIN','SL.UEM.TERT.FE.ZS','2007 [YR2007]',21.6000003814697),('FIN','SL.UEM.TERT.FE.ZS','2008 [YR2008]',22.1000003814697),('FIN','SL.UEM.TERT.FE.ZS','2009 [YR2009]',22.7000007629395),('FIN','SL.UEM.TERT.FE.ZS','2010 [YR2010]',24),('FIN','SL.UEM.TERT.FE.ZS','2011 [YR2011]',23.2000007629395),('FIN','SL.UEM.TERT.FE.ZS','2012 [YR2012]',22),('FIN','SL.UEM.TERT.FE.ZS','2013 [YR2013]',24.6000003814697),('FIN','SL.UEM.TERT.FE.ZS','2014 [YR2014]',26.8999996185303),('FIN','SL.UEM.TERT.MA.ZS','1998 [YR1998]',10.3000001907349),('FIN','SL.UEM.TERT.MA.ZS','1999 [YR1999]',8.5),('FIN','SL.UEM.TERT.MA.ZS','2000 [YR2000]',11.6000003814697),('FIN','SL.UEM.TERT.MA.ZS','2001 [YR2001]',10.6000003814697),('FIN','SL.UEM.TERT.MA.ZS','2002 [YR2002]',10),('FIN','SL.UEM.TERT.MA.ZS','2003 [YR2003]',10.8999996185303),('FIN','SL.UEM.TERT.MA.ZS','2004 [YR2004]',11.8999996185303),('FIN','SL.UEM.TERT.MA.ZS','2005 [YR2005]',14),('FIN','SL.UEM.TERT.MA.ZS','2006 [YR2006]',12.5),('FIN','SL.UEM.TERT.MA.ZS','2007 [YR2007]',15.1999998092651),('FIN','SL.UEM.TERT.MA.ZS','2008 [YR2008]',13.8000001907349),('FIN','SL.UEM.TERT.MA.ZS','2009 [YR2009]',13.6999998092651),('FIN','SL.UEM.TERT.MA.ZS','2010 [YR2010]',16),('FIN','SL.UEM.TERT.MA.ZS','2011 [YR2011]',16.1000003814697),('FIN','SL.UEM.TERT.MA.ZS','2012 [YR2012]',17.2000007629395),('FIN','SL.UEM.TERT.MA.ZS','2013 [YR2013]',18.2999992370605),('FIN','SL.UEM.TERT.MA.ZS','2014 [YR2014]',21.1000003814697),('FJI','SL.UEM.TERT.FE.ZS','2005 [YR2005]',17.1000003814697),('FJI','SL.UEM.TERT.MA.ZS','2005 [YR2005]',11),('FRA','SL.UEM.TERT.FE.ZS','1998 [YR1998]',14.5),('FRA','SL.UEM.TERT.FE.ZS','1999 [YR1999]',14.3999996185303),('FRA','SL.UEM.TERT.FE.ZS','2000 [YR2000]',13.3999996185303),('FRA','SL.UEM.TERT.FE.ZS','2001 [YR2001]',14.3000001907349),('FRA','SL.UEM.TERT.FE.ZS','2002 [YR2002]',15.8999996185303),('FRA','SL.UEM.TERT.FE.ZS','2003 [YR2003]',19.1000003814697),('FRA','SL.UEM.TERT.FE.ZS','2004 [YR2004]',19.6000003814697),('FRA','SL.UEM.TERT.FE.ZS','2005 [YR2005]',20.2000007629395),('FRA','SL.UEM.TERT.FE.ZS','2006 [YR2006]',19.2000007629395),('FRA','SL.UEM.TERT.FE.ZS','2007 [YR2007]',20.8999996185303),('FRA','SL.UEM.TERT.FE.ZS','2008 [YR2008]',20.2000007629395),('FRA','SL.UEM.TERT.FE.ZS','2009 [YR2009]',20.7999992370605),('FRA','SL.UEM.TERT.FE.ZS','2010 [YR2010]',20.2000007629395),('FRA','SL.UEM.TERT.FE.ZS','2011 [YR2011]',20.7000007629395),('FRA','SL.UEM.TERT.FE.ZS','2012 [YR2012]',21.2999992370605),('FRA','SL.UEM.TERT.FE.ZS','2013 [YR2013]',22.8999996185303),('FRA','SL.UEM.TERT.FE.ZS','2014 [YR2014]',26),('FRA','SL.UEM.TERT.MA.ZS','1998 [YR1998]',12.3999996185303),('FRA','SL.UEM.TERT.MA.ZS','1999 [YR1999]',11.8999996185303),('FRA','SL.UEM.TERT.MA.ZS','2000 [YR2000]',12.6000003814697),('FRA','SL.UEM.TERT.MA.ZS','2001 [YR2001]',14.1000003814697),('FRA','SL.UEM.TERT.MA.ZS','2002 [YR2002]',17.1000003814697),('FRA','SL.UEM.TERT.MA.ZS','2003 [YR2003]',17.7999992370605),('FRA','SL.UEM.TERT.MA.ZS','2004 [YR2004]',18.7999992370605),('FRA','SL.UEM.TERT.MA.ZS','2005 [YR2005]',18.7000007629395),('FRA','SL.UEM.TERT.MA.ZS','2006 [YR2006]',18.7999992370605),('FRA','SL.UEM.TERT.MA.ZS','2007 [YR2007]',19),('FRA','SL.UEM.TERT.MA.ZS','2008 [YR2008]',16.3999996185303),('FRA','SL.UEM.TERT.MA.ZS','2009 [YR2009]',17.2000007629395),('FRA','SL.UEM.TERT.MA.ZS','2010 [YR2010]',17.2999992370605),('FRA','SL.UEM.TERT.MA.ZS','2011 [YR2011]',17.2999992370605),('FRA','SL.UEM.TERT.MA.ZS','2012 [YR2012]',17.6000003814697),('FRA','SL.UEM.TERT.MA.ZS','2013 [YR2013]',19.3999996185303),('FRA','SL.UEM.TERT.MA.ZS','2014 [YR2014]',20.5),('GBR','SL.UEM.TERT.FE.ZS','1998 [YR1998]',12.3999996185303),('GBR','SL.UEM.TERT.FE.ZS','1999 [YR1999]',12.1999998092651),('GBR','SL.UEM.TERT.FE.ZS','2000 [YR2000]',11.6999998092651),('GBR','SL.UEM.TERT.FE.ZS','2001 [YR2001]',13.1000003814697),('GBR','SL.UEM.TERT.FE.ZS','2002 [YR2002]',13.5),('GBR','SL.UEM.TERT.FE.ZS','2003 [YR2003]',13.8000001907349),('GBR','SL.UEM.TERT.FE.ZS','2004 [YR2004]',14.5),('GBR','SL.UEM.TERT.FE.ZS','2005 [YR2005]',16.6000003814697),('GBR','SL.UEM.TERT.FE.ZS','2006 [YR2006]',17),('GBR','SL.UEM.TERT.FE.ZS','2007 [YR2007]',16.1000003814697),('GBR','SL.UEM.TERT.FE.ZS','2008 [YR2008]',18.5),('GBR','SL.UEM.TERT.FE.ZS','2009 [YR2009]',19.1000003814697),('GBR','SL.UEM.TERT.FE.ZS','2010 [YR2010]',20.2000007629395),('GBR','SL.UEM.TERT.FE.ZS','2011 [YR2011]',22),('GBR','SL.UEM.TERT.FE.ZS','2012 [YR2012]',23.2999992370605),('GBR','SL.UEM.TERT.FE.ZS','2013 [YR2013]',21.8999996185303),('GBR','SL.UEM.TERT.FE.ZS','2014 [YR2014]',23.5),('GBR','SL.UEM.TERT.MA.ZS','1998 [YR1998]',10.8999996185303),('GBR','SL.UEM.TERT.MA.ZS','1999 [YR1999]',12.3000001907349),('GBR','SL.UEM.TERT.MA.ZS','2000 [YR2000]',11.3000001907349),('GBR','SL.UEM.TERT.MA.ZS','2001 [YR2001]',12.1999998092651),('GBR','SL.UEM.TERT.MA.ZS','2002 [YR2002]',14.3999996185303),('GBR','SL.UEM.TERT.MA.ZS','2003 [YR2003]',15.1000003814697),('GBR','SL.UEM.TERT.MA.ZS','2004 [YR2004]',15.3000001907349),('GBR','SL.UEM.TERT.MA.ZS','2005 [YR2005]',15.5),('GBR','SL.UEM.TERT.MA.ZS','2006 [YR2006]',14.6999998092651),('GBR','SL.UEM.TERT.MA.ZS','2007 [YR2007]',14.6000003814697),('GBR','SL.UEM.TERT.MA.ZS','2008 [YR2008]',14.3999996185303),('GBR','SL.UEM.TERT.MA.ZS','2009 [YR2009]',16.7999992370605),('GBR','SL.UEM.TERT.MA.ZS','2010 [YR2010]',17.2999992370605),('GBR','SL.UEM.TERT.MA.ZS','2011 [YR2011]',17.8999996185303),('GBR','SL.UEM.TERT.MA.ZS','2012 [YR2012]',18.7000007629395),('GBR','SL.UEM.TERT.MA.ZS','2013 [YR2013]',19.2999992370605),('GBR','SL.UEM.TERT.MA.ZS','2014 [YR2014]',18.6000003814697),('GEO','SL.UEM.TERT.FE.ZS','1998 [YR1998]',31.2000007629395),('GEO','SL.UEM.TERT.FE.ZS','1999 [YR1999]',36.9000015258789),('GEO','SL.UEM.TERT.FE.ZS','2000 [YR2000]',31.3999996185303),('GEO','SL.UEM.TERT.FE.ZS','2001 [YR2001]',37.2000007629395),('GEO','SL.UEM.TERT.FE.ZS','2002 [YR2002]',39),('GEO','SL.UEM.TERT.FE.ZS','2003 [YR2003]',41),('GEO','SL.UEM.TERT.FE.ZS','2004 [YR2004]',36.7999992370605),('GEO','SL.UEM.TERT.FE.ZS','2005 [YR2005]',39.5999984741211),('GEO','SL.UEM.TERT.FE.ZS','2006 [YR2006]',41.2999992370605),('GEO','SL.UEM.TERT.FE.ZS','2007 [YR2007]',44.4000015258789),('GEO','SL.UEM.TERT.FE.ZS','2008 [YR2008]',44),('GEO','SL.UEM.TERT.FE.ZS','2009 [YR2009]',40.7000007629395),('GEO','SL.UEM.TERT.FE.ZS','2010 [YR2010]',45.4000015258789),('GEO','SL.UEM.TERT.FE.ZS','2013 [YR2013]',46.0999984741211),('GEO','SL.UEM.TERT.MA.ZS','1998 [YR1998]',29.7000007629395),('GEO','SL.UEM.TERT.MA.ZS','1999 [YR1999]',34.5),('GEO','SL.UEM.TERT.MA.ZS','2000 [YR2000]',34.4000015258789),('GEO','SL.UEM.TERT.MA.ZS','2001 [YR2001]',32.2000007629395),('GEO','SL.UEM.TERT.MA.ZS','2002 [YR2002]',34.2999992370605),('GEO','SL.UEM.TERT.MA.ZS','2003 [YR2003]',36.5999984741211),('GEO','SL.UEM.TERT.MA.ZS','2004 [YR2004]',36.0999984741211),('GEO','SL.UEM.TERT.MA.ZS','2005 [YR2005]',38.2999992370605),('GEO','SL.UEM.TERT.MA.ZS','2006 [YR2006]',39),('GEO','SL.UEM.TERT.MA.ZS','2007 [YR2007]',40.5999984741211),('GEO','SL.UEM.TERT.MA.ZS','2008 [YR2008]',35.2000007629395),('GEO','SL.UEM.TERT.MA.ZS','2009 [YR2009]',35.9000015258789),('GEO','SL.UEM.TERT.MA.ZS','2010 [YR2010]',36.2999992370605),('GEO','SL.UEM.TERT.MA.ZS','2013 [YR2013]',35.7000007629395),('GRC','SL.UEM.TERT.FE.ZS','1998 [YR1998]',14),('GRC','SL.UEM.TERT.FE.ZS','1999 [YR1999]',14.6999998092651),('GRC','SL.UEM.TERT.FE.ZS','2000 [YR2000]',14.8999996185303),('GRC','SL.UEM.TERT.FE.ZS','2001 [YR2001]',15.3999996185303),('GRC','SL.UEM.TERT.FE.ZS','2002 [YR2002]',16.2000007629395),('GRC','SL.UEM.TERT.FE.ZS','2003 [YR2003]',16.1000003814697),('GRC','SL.UEM.TERT.FE.ZS','2004 [YR2004]',19.2999992370605),('GRC','SL.UEM.TERT.FE.ZS','2005 [YR2005]',20.2999992370605),('GRC','SL.UEM.TERT.FE.ZS','2006 [YR2006]',21.2999992370605),('GRC','SL.UEM.TERT.FE.ZS','2007 [YR2007]',22.6000003814697),('GRC','SL.UEM.TERT.FE.ZS','2008 [YR2008]',22),('GRC','SL.UEM.TERT.FE.ZS','2009 [YR2009]',22.7000007629395),('GRC','SL.UEM.TERT.FE.ZS','2010 [YR2010]',24.8999996185303),('GRC','SL.UEM.TERT.FE.ZS','2011 [YR2011]',27.1000003814697),('GRC','SL.UEM.TERT.FE.ZS','2012 [YR2012]',26.3999996185303),('GRC','SL.UEM.TERT.FE.ZS','2013 [YR2013]',27),('GRC','SL.UEM.TERT.FE.ZS','2014 [YR2014]',26.7999992370605),('GRC','SL.UEM.TERT.MA.ZS','1998 [YR1998]',10.6999998092651),('GRC','SL.UEM.TERT.MA.ZS','1999 [YR1999]',12.8000001907349),('GRC','SL.UEM.TERT.MA.ZS','2000 [YR2000]',11.6999998092651),('GRC','SL.UEM.TERT.MA.ZS','2001 [YR2001]',12.3999996185303),('GRC','SL.UEM.TERT.MA.ZS','2002 [YR2002]',11.8999996185303),('GRC','SL.UEM.TERT.MA.ZS','2003 [YR2003]',13.5),('GRC','SL.UEM.TERT.MA.ZS','2004 [YR2004]',15.1000003814697),('GRC','SL.UEM.TERT.MA.ZS','2005 [YR2005]',15.3000001907349),('GRC','SL.UEM.TERT.MA.ZS','2006 [YR2006]',17.7999992370605),('GRC','SL.UEM.TERT.MA.ZS','2007 [YR2007]',19.2999992370605),('GRC','SL.UEM.TERT.MA.ZS','2008 [YR2008]',20.1000003814697),('GRC','SL.UEM.TERT.MA.ZS','2009 [YR2009]',16.7000007629395),('GRC','SL.UEM.TERT.MA.ZS','2010 [YR2010]',16.3999996185303),('GRC','SL.UEM.TERT.MA.ZS','2011 [YR2011]',17.6000003814697),('GRC','SL.UEM.TERT.MA.ZS','2012 [YR2012]',17.2000007629395),('GRC','SL.UEM.TERT.MA.ZS','2013 [YR2013]',18.2999992370605),('GRC','SL.UEM.TERT.MA.ZS','2014 [YR2014]',19.7000007629395),('GTM','SL.UEM.TERT.FE.ZS','2010 [YR2010]',9),('GTM','SL.UEM.TERT.FE.ZS','2011 [YR2011]',9),('GTM','SL.UEM.TERT.FE.ZS','2012 [YR2012]',19.6000003814697),('GTM','SL.UEM.TERT.FE.ZS','2013 [YR2013]',8.80000019073486),('GTM','SL.UEM.TERT.MA.ZS','2010 [YR2010]',7),('GTM','SL.UEM.TERT.MA.ZS','2011 [YR2011]',3.70000004768372),('GTM','SL.UEM.TERT.MA.ZS','2012 [YR2012]',15.8000001907349),('GTM','SL.UEM.TERT.MA.ZS','2013 [YR2013]',8.19999980926514),('HKG','SL.UEM.TERT.FE.ZS','1998 [YR1998]',10.6000003814697),('HKG','SL.UEM.TERT.FE.ZS','1999 [YR1999]',11.6999998092651),('HKG','SL.UEM.TERT.FE.ZS','2000 [YR2000]',10.6000003814697),('HKG','SL.UEM.TERT.FE.ZS','2001 [YR2001]',13.6000003814697),('HKG','SL.UEM.TERT.FE.ZS','2002 [YR2002]',11.5),('HKG','SL.UEM.TERT.FE.ZS','2003 [YR2003]',12.1999998092651),('HKG','SL.UEM.TERT.FE.ZS','2004 [YR2004]',11),('HKG','SL.UEM.TERT.FE.ZS','2005 [YR2005]',15.3000001907349),('HKG','SL.UEM.TERT.FE.ZS','2006 [YR2006]',15.8000001907349),('HKG','SL.UEM.TERT.FE.ZS','2007 [YR2007]',18.7999992370605),('HKG','SL.UEM.TERT.FE.ZS','2008 [YR2008]',18.8999996185303),('HKG','SL.UEM.TERT.FE.ZS','2009 [YR2009]',19.7999992370605),('HKG','SL.UEM.TERT.FE.ZS','2010 [YR2010]',23.8999996185303),('HKG','SL.UEM.TERT.FE.ZS','2011 [YR2011]',19.2999992370605),('HKG','SL.UEM.TERT.FE.ZS','2012 [YR2012]',22.3999996185303),('HKG','SL.UEM.TERT.FE.ZS','2013 [YR2013]',21.6000003814697),('HKG','SL.UEM.TERT.MA.ZS','1998 [YR1998]',9.5),('HKG','SL.UEM.TERT.MA.ZS','1999 [YR1999]',8.30000019073486),('HKG','SL.UEM.TERT.MA.ZS','2000 [YR2000]',7.30000019073486),('HKG','SL.UEM.TERT.MA.ZS','2001 [YR2001]',9.60000038146973),('HKG','SL.UEM.TERT.MA.ZS','2002 [YR2002]',10.8999996185303),('HKG','SL.UEM.TERT.MA.ZS','2003 [YR2003]',10.1999998092651),('HKG','SL.UEM.TERT.MA.ZS','2004 [YR2004]',10),('HKG','SL.UEM.TERT.MA.ZS','2005 [YR2005]',11.6999998092651),('HKG','SL.UEM.TERT.MA.ZS','2006 [YR2006]',12.3000001907349),('HKG','SL.UEM.TERT.MA.ZS','2007 [YR2007]',15.1000003814697),('HKG','SL.UEM.TERT.MA.ZS','2008 [YR2008]',15.8999996185303),('HKG','SL.UEM.TERT.MA.ZS','2009 [YR2009]',19),('HKG','SL.UEM.TERT.MA.ZS','2010 [YR2010]',20.8999996185303),('HKG','SL.UEM.TERT.MA.ZS','2011 [YR2011]',15.6999998092651),('HKG','SL.UEM.TERT.MA.ZS','2012 [YR2012]',19.2999992370605),('HKG','SL.UEM.TERT.MA.ZS','2013 [YR2013]',20.6000003814697),('HND','SL.UEM.TERT.FE.ZS','1998 [YR1998]',8.60000038146973),('HND','SL.UEM.TERT.FE.ZS','2011 [YR2011]',10.3000001907349),('HND','SL.UEM.TERT.MA.ZS','1998 [YR1998]',4.19999980926514),('HND','SL.UEM.TERT.MA.ZS','2011 [YR2011]',7.90000009536743),('HRV','SL.UEM.TERT.FE.ZS','1998 [YR1998]',10.3000001907349),('HRV','SL.UEM.TERT.FE.ZS','1999 [YR1999]',12.6000003814697),('HRV','SL.UEM.TERT.FE.ZS','2000 [YR2000]',15),('HRV','SL.UEM.TERT.FE.ZS','2001 [YR2001]',10.1999998092651),('HRV','SL.UEM.TERT.FE.ZS','2002 [YR2002]',11),('HRV','SL.UEM.TERT.FE.ZS','2003 [YR2003]',11),('HRV','SL.UEM.TERT.FE.ZS','2004 [YR2004]',10.1000003814697),('HRV','SL.UEM.TERT.FE.ZS','2005 [YR2005]',9.30000019073486),('HRV','SL.UEM.TERT.FE.ZS','2006 [YR2006]',11.6000003814697),('HRV','SL.UEM.TERT.FE.ZS','2007 [YR2007]',13.3000001907349),('HRV','SL.UEM.TERT.FE.ZS','2008 [YR2008]',11.8000001907349),('HRV','SL.UEM.TERT.FE.ZS','2009 [YR2009]',15.3000001907349),('HRV','SL.UEM.TERT.FE.ZS','2010 [YR2010]',17.8999996185303),('HRV','SL.UEM.TERT.FE.ZS','2011 [YR2011]',17.1000003814697),('HRV','SL.UEM.TERT.FE.ZS','2012 [YR2012]',17.7000007629395),('HRV','SL.UEM.TERT.FE.ZS','2013 [YR2013]',19.2999992370605),('HRV','SL.UEM.TERT.FE.ZS','2014 [YR2014]',16.2000007629395),('HRV','SL.UEM.TERT.MA.ZS','1998 [YR1998]',6.40000009536743),('HRV','SL.UEM.TERT.MA.ZS','1999 [YR1999]',10.1000003814697),('HRV','SL.UEM.TERT.MA.ZS','2000 [YR2000]',12.1000003814697),('HRV','SL.UEM.TERT.MA.ZS','2001 [YR2001]',7.90000009536743),('HRV','SL.UEM.TERT.MA.ZS','2002 [YR2002]',10.3000001907349),('HRV','SL.UEM.TERT.MA.ZS','2003 [YR2003]',7.80000019073486),('HRV','SL.UEM.TERT.MA.ZS','2004 [YR2004]',10.3999996185303),('HRV','SL.UEM.TERT.MA.ZS','2005 [YR2005]',8.19999980926514),('HRV','SL.UEM.TERT.MA.ZS','2006 [YR2006]',7.69999980926514),('HRV','SL.UEM.TERT.MA.ZS','2007 [YR2007]',10),('HRV','SL.UEM.TERT.MA.ZS','2008 [YR2008]',9.19999980926514),('HRV','SL.UEM.TERT.MA.ZS','2009 [YR2009]',10.1000003814697),('HRV','SL.UEM.TERT.MA.ZS','2010 [YR2010]',12.3999996185303),('HRV','SL.UEM.TERT.MA.ZS','2011 [YR2011]',10.6999998092651),('HRV','SL.UEM.TERT.MA.ZS','2012 [YR2012]',10.8999996185303),('HRV','SL.UEM.TERT.MA.ZS','2013 [YR2013]',11.1999998092651),('HRV','SL.UEM.TERT.MA.ZS','2014 [YR2014]',10.8000001907349),('HUN','SL.UEM.TERT.FE.ZS','1998 [YR1998]',3.79999995231628),('HUN','SL.UEM.TERT.FE.ZS','1999 [YR1999]',3.09999990463257),('HUN','SL.UEM.TERT.FE.ZS','2000 [YR2000]',4),('HUN','SL.UEM.TERT.FE.ZS','2001 [YR2001]',5.09999990463257),('HUN','SL.UEM.TERT.FE.ZS','2002 [YR2002]',8.19999980926514),('HUN','SL.UEM.TERT.FE.ZS','2003 [YR2003]',5.30000019073486),('HUN','SL.UEM.TERT.FE.ZS','2004 [YR2004]',10.8999996185303),('HUN','SL.UEM.TERT.FE.ZS','2005 [YR2005]',9.60000038146973),('HUN','SL.UEM.TERT.FE.ZS','2006 [YR2006]',8),('HUN','SL.UEM.TERT.FE.ZS','2007 [YR2007]',9.89999961853027),('HUN','SL.UEM.TERT.FE.ZS','2008 [YR2008]',10),('HUN','SL.UEM.TERT.FE.ZS','2009 [YR2009]',11.1999998092651),('HUN','SL.UEM.TERT.FE.ZS','2010 [YR2010]',10.6999998092651),('HUN','SL.UEM.TERT.FE.ZS','2011 [YR2011]',11.1999998092651),('HUN','SL.UEM.TERT.FE.ZS','2012 [YR2012]',12.8999996185303),('HUN','SL.UEM.TERT.FE.ZS','2013 [YR2013]',12.5),('HUN','SL.UEM.TERT.FE.ZS','2014 [YR2014]',13),('HUN','SL.UEM.TERT.MA.ZS','1998 [YR1998]',3.59999990463257),('HUN','SL.UEM.TERT.MA.ZS','1999 [YR1999]',2.79999995231628),('HUN','SL.UEM.TERT.MA.ZS','2000 [YR2000]',3.20000004768372),('HUN','SL.UEM.TERT.MA.ZS','2001 [YR2001]',2.5),('HUN','SL.UEM.TERT.MA.ZS','2002 [YR2002]',3.09999990463257),('HUN','SL.UEM.TERT.MA.ZS','2003 [YR2003]',3.40000009536743),('HUN','SL.UEM.TERT.MA.ZS','2004 [YR2004]',4.59999990463257),('HUN','SL.UEM.TERT.MA.ZS','2005 [YR2005]',5.69999980926514),('HUN','SL.UEM.TERT.MA.ZS','2006 [YR2006]',6.40000009536743),('HUN','SL.UEM.TERT.MA.ZS','2007 [YR2007]',5.90000009536743),('HUN','SL.UEM.TERT.MA.ZS','2008 [YR2008]',5.5),('HUN','SL.UEM.TERT.MA.ZS','2009 [YR2009]',6.59999990463257),('HUN','SL.UEM.TERT.MA.ZS','2010 [YR2010]',8.10000038146973),('HUN','SL.UEM.TERT.MA.ZS','2011 [YR2011]',7.59999990463257),('HUN','SL.UEM.TERT.MA.ZS','2012 [YR2012]',7.59999990463257),('HUN','SL.UEM.TERT.MA.ZS','2013 [YR2013]',7.09999990463257),('HUN','SL.UEM.TERT.MA.ZS','2014 [YR2014]',7.90000009536743),('IDN','SL.UEM.TERT.FE.ZS','1998 [YR1998]',10),('IDN','SL.UEM.TERT.FE.ZS','1999 [YR1999]',11.3000001907349),('IDN','SL.UEM.TERT.FE.ZS','2000 [YR2000]',9.69999980926514),('IDN','SL.UEM.TERT.FE.ZS','2001 [YR2001]',7.30000019073486),('IDN','SL.UEM.TERT.FE.ZS','2002 [YR2002]',6.40000009536743),('IDN','SL.UEM.TERT.FE.ZS','2003 [YR2003]',4.90000009536743),('IDN','SL.UEM.TERT.FE.ZS','2004 [YR2004]',6.69999980926514),('IDN','SL.UEM.TERT.FE.ZS','2005 [YR2005]',7),('IDN','SL.UEM.TERT.FE.ZS','2006 [YR2006]',7.5),('IDN','SL.UEM.TERT.FE.ZS','2007 [YR2007]',12.5),('IDN','SL.UEM.TERT.FE.ZS','2008 [YR2008]',12.5),('IDN','SL.UEM.TERT.FE.ZS','2009 [YR2009]',14.6999998092651),('IDN','SL.UEM.TERT.FE.ZS','2010 [YR2010]',14.3999996185303),('IDN','SL.UEM.TERT.FE.ZS','2013 [YR2013]',10.1000003814697),('IDN','SL.UEM.TERT.MA.ZS','1998 [YR1998]',7.30000019073486),('IDN','SL.UEM.TERT.MA.ZS','1999 [YR1999]',7.69999980926514),('IDN','SL.UEM.TERT.MA.ZS','2000 [YR2000]',6.59999990463257),('IDN','SL.UEM.TERT.MA.ZS','2001 [YR2001]',6.19999980926514),('IDN','SL.UEM.TERT.MA.ZS','2002 [YR2002]',5.09999990463257),('IDN','SL.UEM.TERT.MA.ZS','2003 [YR2003]',4.19999980926514),('IDN','SL.UEM.TERT.MA.ZS','2004 [YR2004]',4.80000019073486),('IDN','SL.UEM.TERT.MA.ZS','2005 [YR2005]',5),('IDN','SL.UEM.TERT.MA.ZS','2006 [YR2006]',5),('IDN','SL.UEM.TERT.MA.ZS','2007 [YR2007]',7.30000019073486),('IDN','SL.UEM.TERT.MA.ZS','2008 [YR2008]',8.39999961853027),('IDN','SL.UEM.TERT.MA.ZS','2009 [YR2009]',7.90000009536743),('IDN','SL.UEM.TERT.MA.ZS','2010 [YR2010]',11.8999996185303),('IDN','SL.UEM.TERT.MA.ZS','2013 [YR2013]',6.19999980926514),('IND','SL.UEM.TERT.FE.ZS','1998 [YR1998]',35.2000007629395),('IND','SL.UEM.TERT.FE.ZS','1999 [YR1999]',35.7000007629395),('IND','SL.UEM.TERT.FE.ZS','2000 [YR2000]',34.0999984741211),('IND','SL.UEM.TERT.FE.ZS','2001 [YR2001]',36.9000015258789),('IND','SL.UEM.TERT.FE.ZS','2002 [YR2002]',35.0999984741211),('IND','SL.UEM.TERT.FE.ZS','2003 [YR2003]',34.7000007629395),('IND','SL.UEM.TERT.FE.ZS','2004 [YR2004]',32.0999984741211),('IND','SL.UEM.TERT.FE.ZS','2005 [YR2005]',23),('IND','SL.UEM.TERT.FE.ZS','2010 [YR2010]',28.6000003814697),('IND','SL.UEM.TERT.MA.ZS','1998 [YR1998]',28.2999992370605),('IND','SL.UEM.TERT.MA.ZS','1999 [YR1999]',29),('IND','SL.UEM.TERT.MA.ZS','2000 [YR2000]',28.7999992370605),('IND','SL.UEM.TERT.MA.ZS','2001 [YR2001]',28.8999996185303),('IND','SL.UEM.TERT.MA.ZS','2002 [YR2002]',29.3999996185303),('IND','SL.UEM.TERT.MA.ZS','2003 [YR2003]',30.7999992370605),('IND','SL.UEM.TERT.MA.ZS','2004 [YR2004]',31.5),('IND','SL.UEM.TERT.MA.ZS','2005 [YR2005]',17.3999996185303),('IND','SL.UEM.TERT.MA.ZS','2010 [YR2010]',20.5),('IRL','SL.UEM.TERT.FE.ZS','1998 [YR1998]',15.1000003814697),('IRL','SL.UEM.TERT.FE.ZS','1999 [YR1999]',11.8000001907349),('IRL','SL.UEM.TERT.FE.ZS','2000 [YR2000]',12.8999996185303),('IRL','SL.UEM.TERT.FE.ZS','2001 [YR2001]',15.1000003814697),('IRL','SL.UEM.TERT.FE.ZS','2002 [YR2002]',15.8999996185303),('IRL','SL.UEM.TERT.FE.ZS','2003 [YR2003]',21.1000003814697),('IRL','SL.UEM.TERT.FE.ZS','2004 [YR2004]',22.2999992370605),('IRL','SL.UEM.TERT.FE.ZS','2005 [YR2005]',22.8999996185303),('IRL','SL.UEM.TERT.FE.ZS','2006 [YR2006]',24),('IRL','SL.UEM.TERT.FE.ZS','2007 [YR2007]',25.7000007629395),('IRL','SL.UEM.TERT.FE.ZS','2008 [YR2008]',29.6000003814697),('IRL','SL.UEM.TERT.FE.ZS','2009 [YR2009]',33.7000007629395),('IRL','SL.UEM.TERT.FE.ZS','2010 [YR2010]',32.2000007629395),('IRL','SL.UEM.TERT.FE.ZS','2011 [YR2011]',30.7999992370605),('IRL','SL.UEM.TERT.FE.ZS','2012 [YR2012]',31),('IRL','SL.UEM.TERT.FE.ZS','2013 [YR2013]',32.0999984741211),('IRL','SL.UEM.TERT.FE.ZS','2014 [YR2014]',31.8999996185303),('IRL','SL.UEM.TERT.MA.ZS','1998 [YR1998]',8.5),('IRL','SL.UEM.TERT.MA.ZS','1999 [YR1999]',6.40000009536743),('IRL','SL.UEM.TERT.MA.ZS','2000 [YR2000]',7.30000019073486),('IRL','SL.UEM.TERT.MA.ZS','2001 [YR2001]',9),('IRL','SL.UEM.TERT.MA.ZS','2002 [YR2002]',13.5),('IRL','SL.UEM.TERT.MA.ZS','2003 [YR2003]',15.3999996185303),('IRL','SL.UEM.TERT.MA.ZS','2004 [YR2004]',12.3000001907349),('IRL','SL.UEM.TERT.MA.ZS','2005 [YR2005]',13.8000001907349),('IRL','SL.UEM.TERT.MA.ZS','2006 [YR2006]',16.2000007629395),('IRL','SL.UEM.TERT.MA.ZS','2007 [YR2007]',15.6000003814697),('IRL','SL.UEM.TERT.MA.ZS','2008 [YR2008]',15.6999998092651),('IRL','SL.UEM.TERT.MA.ZS','2009 [YR2009]',17.2000007629395),('IRL','SL.UEM.TERT.MA.ZS','2010 [YR2010]',17.3999996185303),('IRL','SL.UEM.TERT.MA.ZS','2011 [YR2011]',16.7999992370605),('IRL','SL.UEM.TERT.MA.ZS','2012 [YR2012]',16.6000003814697),('IRL','SL.UEM.TERT.MA.ZS','2013 [YR2013]',18.7999992370605),('IRL','SL.UEM.TERT.MA.ZS','2014 [YR2014]',19.7000007629395),('IRN','SL.UEM.TERT.FE.ZS','2005 [YR2005]',36.0999984741211),('IRN','SL.UEM.TERT.FE.ZS','2006 [YR2006]',41.9000015258789),('IRN','SL.UEM.TERT.FE.ZS','2007 [YR2007]',48.7000007629395),('IRN','SL.UEM.TERT.FE.ZS','2008 [YR2008]',52.2999992370605),('IRN','SL.UEM.TERT.MA.ZS','2005 [YR2005]',12.6000003814697),('IRN','SL.UEM.TERT.MA.ZS','2006 [YR2006]',12.3000001907349),('IRN','SL.UEM.TERT.MA.ZS','2007 [YR2007]',13.1000003814697),('IRN','SL.UEM.TERT.MA.ZS','2008 [YR2008]',14.8999996185303),('ISL','SL.UEM.TERT.FE.ZS','1998 [YR1998]',8.69999980926514),('ISL','SL.UEM.TERT.FE.ZS','1999 [YR1999]',7.30000019073486),('ISL','SL.UEM.TERT.FE.ZS','2000 [YR2000]',5.5),('ISL','SL.UEM.TERT.FE.ZS','2001 [YR2001]',6.59999990463257),('ISL','SL.UEM.TERT.FE.ZS','2002 [YR2002]',7.80000019073486),('ISL','SL.UEM.TERT.FE.ZS','2003 [YR2003]',6.5),('ISL','SL.UEM.TERT.FE.ZS','2004 [YR2004]',2.90000009536743),('ISL','SL.UEM.TERT.FE.ZS','2005 [YR2005]',21),('ISL','SL.UEM.TERT.FE.ZS','2006 [YR2006]',9),('ISL','SL.UEM.TERT.FE.ZS','2007 [YR2007]',15.1999998092651),('ISL','SL.UEM.TERT.FE.ZS','2008 [YR2008]',19.7000007629395),('ISL','SL.UEM.TERT.FE.ZS','2009 [YR2009]',19.2999992370605),('ISL','SL.UEM.TERT.FE.ZS','2010 [YR2010]',14.6000003814697),('ISL','SL.UEM.TERT.FE.ZS','2011 [YR2011]',22.8999996185303),('ISL','SL.UEM.TERT.FE.ZS','2012 [YR2012]',15),('ISL','SL.UEM.TERT.FE.ZS','2013 [YR2013]',29.8999996185303),('ISL','SL.UEM.TERT.FE.ZS','2014 [YR2014]',35.7000007629395),('ISL','SL.UEM.TERT.MA.ZS','1998 [YR1998]',11.1000003814697),('ISL','SL.UEM.TERT.MA.ZS','1999 [YR1999]',7.80000019073486),('ISL','SL.UEM.TERT.MA.ZS','2000 [YR2000]',0),('ISL','SL.UEM.TERT.MA.ZS','2001 [YR2001]',11.8999996185303),('ISL','SL.UEM.TERT.MA.ZS','2002 [YR2002]',9.30000019073486),('ISL','SL.UEM.TERT.MA.ZS','2003 [YR2003]',12.6000003814697),('ISL','SL.UEM.TERT.MA.ZS','2004 [YR2004]',7.09999990463257),('ISL','SL.UEM.TERT.MA.ZS','2005 [YR2005]',7.09999990463257),('ISL','SL.UEM.TERT.MA.ZS','2006 [YR2006]',4.5),('ISL','SL.UEM.TERT.MA.ZS','2007 [YR2007]',5.30000019073486),('ISL','SL.UEM.TERT.MA.ZS','2008 [YR2008]',11.6000003814697),('ISL','SL.UEM.TERT.MA.ZS','2009 [YR2009]',13.5),('ISL','SL.UEM.TERT.MA.ZS','2010 [YR2010]',12.8000001907349),('ISL','SL.UEM.TERT.MA.ZS','2011 [YR2011]',16.1000003814697),('ISL','SL.UEM.TERT.MA.ZS','2012 [YR2012]',14.8999996185303),('ISL','SL.UEM.TERT.MA.ZS','2013 [YR2013]',12.8000001907349),('ISL','SL.UEM.TERT.MA.ZS','2014 [YR2014]',14.3000001907349),('ISR','SL.UEM.TERT.FE.ZS','1998 [YR1998]',38.2999992370605),('ISR','SL.UEM.TERT.FE.ZS','1999 [YR1999]',38.2999992370605),('ISR','SL.UEM.TERT.FE.ZS','2000 [YR2000]',28.6000003814697),('ISR','SL.UEM.TERT.FE.ZS','2001 [YR2001]',28.7000007629395),('ISR','SL.UEM.TERT.FE.ZS','2002 [YR2002]',30.8999996185303),('ISR','SL.UEM.TERT.FE.ZS','2003 [YR2003]',31.1000003814697),('ISR','SL.UEM.TERT.FE.ZS','2004 [YR2004]',29.2999992370605),('ISR','SL.UEM.TERT.FE.ZS','2005 [YR2005]',30.1000003814697),('ISR','SL.UEM.TERT.FE.ZS','2006 [YR2006]',25.8999996185303),('ISR','SL.UEM.TERT.FE.ZS','2007 [YR2007]',28.2000007629395),('ISR','SL.UEM.TERT.FE.ZS','2008 [YR2008]',30.5),('ISR','SL.UEM.TERT.MA.ZS','1998 [YR1998]',25.3999996185303),('ISR','SL.UEM.TERT.MA.ZS','1999 [YR1999]',28.3999996185303),('ISR','SL.UEM.TERT.MA.ZS','2000 [YR2000]',20.3999996185303),('ISR','SL.UEM.TERT.MA.ZS','2001 [YR2001]',22.3999996185303),('ISR','SL.UEM.TERT.MA.ZS','2002 [YR2002]',24.2999992370605),('ISR','SL.UEM.TERT.MA.ZS','2003 [YR2003]',22.7999992370605),('ISR','SL.UEM.TERT.MA.ZS','2004 [YR2004]',23.2999992370605),('ISR','SL.UEM.TERT.MA.ZS','2005 [YR2005]',21.2000007629395),('ISR','SL.UEM.TERT.MA.ZS','2006 [YR2006]',21.1000003814697),('ISR','SL.UEM.TERT.MA.ZS','2007 [YR2007]',19.3999996185303),('ISR','SL.UEM.TERT.MA.ZS','2008 [YR2008]',25.7999992370605),('ITA','SL.UEM.TERT.FE.ZS','1998 [YR1998]',7.30000019073486),('ITA','SL.UEM.TERT.FE.ZS','1999 [YR1999]',8),('ITA','SL.UEM.TERT.FE.ZS','2000 [YR2000]',7.69999980926514),('ITA','SL.UEM.TERT.FE.ZS','2001 [YR2001]',8.30000019073486),('ITA','SL.UEM.TERT.FE.ZS','2002 [YR2002]',9.10000038146973),('ITA','SL.UEM.TERT.FE.ZS','2003 [YR2003]',9.69999980926514),('ITA','SL.UEM.TERT.FE.ZS','2004 [YR2004]',10.3999996185303),('ITA','SL.UEM.TERT.FE.ZS','2005 [YR2005]',13.6999998092651),('ITA','SL.UEM.TERT.FE.ZS','2006 [YR2006]',13.8999996185303),('ITA','SL.UEM.TERT.FE.ZS','2007 [YR2007]',14.1999998092651),('ITA','SL.UEM.TERT.FE.ZS','2008 [YR2008]',14.3000001907349),('ITA','SL.UEM.TERT.FE.ZS','2009 [YR2009]',15.6000003814697),('ITA','SL.UEM.TERT.FE.ZS','2010 [YR2010]',15.6000003814697),('ITA','SL.UEM.TERT.FE.ZS','2011 [YR2011]',15.1999998092651),('ITA','SL.UEM.TERT.FE.ZS','2012 [YR2012]',15),('ITA','SL.UEM.TERT.FE.ZS','2013 [YR2013]',15.6000003814697),('ITA','SL.UEM.TERT.FE.ZS','2014 [YR2014]',16.2000007629395),('ITA','SL.UEM.TERT.MA.ZS','1998 [YR1998]',5.09999990463257),('ITA','SL.UEM.TERT.MA.ZS','1999 [YR1999]',5.59999990463257),('ITA','SL.UEM.TERT.MA.ZS','2000 [YR2000]',4.90000009536743),('ITA','SL.UEM.TERT.MA.ZS','2001 [YR2001]',5.5),('ITA','SL.UEM.TERT.MA.ZS','2002 [YR2002]',5.69999980926514),('ITA','SL.UEM.TERT.MA.ZS','2003 [YR2003]',6.09999990463257),('ITA','SL.UEM.TERT.MA.ZS','2004 [YR2004]',6.5),('ITA','SL.UEM.TERT.MA.ZS','2005 [YR2005]',8.80000019073486),('ITA','SL.UEM.TERT.MA.ZS','2006 [YR2006]',8.69999980926514),('ITA','SL.UEM.TERT.MA.ZS','2007 [YR2007]',8.19999980926514),('ITA','SL.UEM.TERT.MA.ZS','2008 [YR2008]',7.90000009536743),('ITA','SL.UEM.TERT.MA.ZS','2009 [YR2009]',8),('ITA','SL.UEM.TERT.MA.ZS','2010 [YR2010]',8),('ITA','SL.UEM.TERT.MA.ZS','2011 [YR2011]',7.40000009536743),('ITA','SL.UEM.TERT.MA.ZS','2012 [YR2012]',7.80000019073486),('ITA','SL.UEM.TERT.MA.ZS','2013 [YR2013]',7.40000009536743),('ITA','SL.UEM.TERT.MA.ZS','2014 [YR2014]',8.19999980926514),('JAM','SL.UEM.TERT.FE.ZS','2002 [YR2002]',3.09999990463257),('JAM','SL.UEM.TERT.FE.ZS','2003 [YR2003]',2.70000004768372),('JAM','SL.UEM.TERT.FE.ZS','2004 [YR2004]',3.90000009536743),('JAM','SL.UEM.TERT.FE.ZS','2005 [YR2005]',5.19999980926514),('JAM','SL.UEM.TERT.FE.ZS','2006 [YR2006]',4.5),('JAM','SL.UEM.TERT.FE.ZS','2007 [YR2007]',3.90000009536743),('JAM','SL.UEM.TERT.FE.ZS','2008 [YR2008]',4),('JAM','SL.UEM.TERT.MA.ZS','2002 [YR2002]',2.40000009536743),('JAM','SL.UEM.TERT.MA.ZS','2003 [YR2003]',3.59999990463257),('JAM','SL.UEM.TERT.MA.ZS','2004 [YR2004]',3.29999995231628),('JAM','SL.UEM.TERT.MA.ZS','2005 [YR2005]',3.20000004768372),('JAM','SL.UEM.TERT.MA.ZS','2006 [YR2006]',2.29999995231628),('JAM','SL.UEM.TERT.MA.ZS','2007 [YR2007]',2.59999990463257),('JAM','SL.UEM.TERT.MA.ZS','2008 [YR2008]',3.79999995231628),('JOR','SL.UEM.TERT.FE.ZS','2000 [YR2000]',27.6000003814697),('JOR','SL.UEM.TERT.FE.ZS','2001 [YR2001]',30),('JOR','SL.UEM.TERT.FE.ZS','2002 [YR2002]',32.0999984741211),('JOR','SL.UEM.TERT.FE.ZS','2003 [YR2003]',45.5999984741211),('JOR','SL.UEM.TERT.FE.ZS','2004 [YR2004]',47.7999992370605),('JOR','SL.UEM.TERT.FE.ZS','2005 [YR2005]',50.9000015258789),('JOR','SL.UEM.TERT.FE.ZS','2006 [YR2006]',51),('JOR','SL.UEM.TERT.FE.ZS','2007 [YR2007]',48.7000007629395),('JOR','SL.UEM.TERT.FE.ZS','2008 [YR2008]',55),('JOR','SL.UEM.TERT.FE.ZS','2009 [YR2009]',53.7000007629395),('JOR','SL.UEM.TERT.FE.ZS','2010 [YR2010]',61.4000015258789),('JOR','SL.UEM.TERT.FE.ZS','2011 [YR2011]',64.9000015258789),('JOR','SL.UEM.TERT.FE.ZS','2012 [YR2012]',69.6999969482422),('JOR','SL.UEM.TERT.MA.ZS','2000 [YR2000]',10.8999996185303),('JOR','SL.UEM.TERT.MA.ZS','2001 [YR2001]',10.6000003814697),('JOR','SL.UEM.TERT.MA.ZS','2002 [YR2002]',11.3999996185303),('JOR','SL.UEM.TERT.MA.ZS','2003 [YR2003]',12.5),('JOR','SL.UEM.TERT.MA.ZS','2004 [YR2004]',12.1000003814697),('JOR','SL.UEM.TERT.MA.ZS','2005 [YR2005]',15.3999996185303),('JOR','SL.UEM.TERT.MA.ZS','2006 [YR2006]',16.1000003814697),('JOR','SL.UEM.TERT.MA.ZS','2007 [YR2007]',18.3999996185303),('JOR','SL.UEM.TERT.MA.ZS','2008 [YR2008]',16.8999996185303),('JOR','SL.UEM.TERT.MA.ZS','2009 [YR2009]',19),('JOR','SL.UEM.TERT.MA.ZS','2010 [YR2010]',21.2999992370605),('JOR','SL.UEM.TERT.MA.ZS','2011 [YR2011]',20.8999996185303),('JOR','SL.UEM.TERT.MA.ZS','2012 [YR2012]',22.8999996185303),('JPN','SL.UEM.TERT.FE.ZS','1998 [YR1998]',31.5),('JPN','SL.UEM.TERT.FE.ZS','1999 [YR1999]',31.8999996185303),('JPN','SL.UEM.TERT.FE.ZS','2000 [YR2000]',29.3999996185303),('JPN','SL.UEM.TERT.FE.ZS','2001 [YR2001]',26.7999992370605),('JPN','SL.UEM.TERT.FE.ZS','2002 [YR2002]',33.5999984741211),('JPN','SL.UEM.TERT.FE.ZS','2003 [YR2003]',32.5999984741211),('JPN','SL.UEM.TERT.FE.ZS','2004 [YR2004]',33.5999984741211),('JPN','SL.UEM.TERT.FE.ZS','2005 [YR2005]',36),('JPN','SL.UEM.TERT.FE.ZS','2006 [YR2006]',32.7000007629395),('JPN','SL.UEM.TERT.FE.ZS','2007 [YR2007]',36),('JPN','SL.UEM.TERT.FE.ZS','2008 [YR2008]',36.9000015258789),('JPN','SL.UEM.TERT.MA.ZS','1998 [YR1998]',21.3999996185303),('JPN','SL.UEM.TERT.MA.ZS','1999 [YR1999]',21.3999996185303),('JPN','SL.UEM.TERT.MA.ZS','2000 [YR2000]',25.2999992370605),('JPN','SL.UEM.TERT.MA.ZS','2001 [YR2001]',23.3999996185303),('JPN','SL.UEM.TERT.MA.ZS','2002 [YR2002]',26.2999992370605),('JPN','SL.UEM.TERT.MA.ZS','2003 [YR2003]',26.5),('JPN','SL.UEM.TERT.MA.ZS','2004 [YR2004]',27.1000003814697),('JPN','SL.UEM.TERT.MA.ZS','2005 [YR2005]',27),('JPN','SL.UEM.TERT.MA.ZS','2006 [YR2006]',31.1000003814697),('JPN','SL.UEM.TERT.MA.ZS','2007 [YR2007]',30.8999996185303),('JPN','SL.UEM.TERT.MA.ZS','2008 [YR2008]',30.7000007629395),('KAZ','SL.UEM.TERT.FE.ZS','2001 [YR2001]',9.80000019073486),('KAZ','SL.UEM.TERT.FE.ZS','2002 [YR2002]',10),('KAZ','SL.UEM.TERT.FE.ZS','2003 [YR2003]',12.6000003814697),('KAZ','SL.UEM.TERT.FE.ZS','2004 [YR2004]',11.8000001907349),('KAZ','SL.UEM.TERT.FE.ZS','2005 [YR2005]',12),('KAZ','SL.UEM.TERT.FE.ZS','2006 [YR2006]',15.1999998092651),('KAZ','SL.UEM.TERT.FE.ZS','2007 [YR2007]',16.2000007629395),('KAZ','SL.UEM.TERT.FE.ZS','2008 [YR2008]',17),('KAZ','SL.UEM.TERT.FE.ZS','2009 [YR2009]',21),('KAZ','SL.UEM.TERT.FE.ZS','2010 [YR2010]',22),('KAZ','SL.UEM.TERT.FE.ZS','2011 [YR2011]',23.5),('KAZ','SL.UEM.TERT.FE.ZS','2012 [YR2012]',23.8999996185303),('KAZ','SL.UEM.TERT.FE.ZS','2013 [YR2013]',23.5),('KAZ','SL.UEM.TERT.MA.ZS','2001 [YR2001]',9.60000038146973),('KAZ','SL.UEM.TERT.MA.ZS','2002 [YR2002]',9.5),('KAZ','SL.UEM.TERT.MA.ZS','2003 [YR2003]',9.30000019073486),('KAZ','SL.UEM.TERT.MA.ZS','2004 [YR2004]',8.89999961853027),('KAZ','SL.UEM.TERT.MA.ZS','2005 [YR2005]',11),('KAZ','SL.UEM.TERT.MA.ZS','2006 [YR2006]',9.89999961853027),('KAZ','SL.UEM.TERT.MA.ZS','2007 [YR2007]',10.1999998092651),('KAZ','SL.UEM.TERT.MA.ZS','2008 [YR2008]',12.5),('KAZ','SL.UEM.TERT.MA.ZS','2009 [YR2009]',16.2000007629395),('KAZ','SL.UEM.TERT.MA.ZS','2010 [YR2010]',16.6000003814697),('KAZ','SL.UEM.TERT.MA.ZS','2011 [YR2011]',17.5),('KAZ','SL.UEM.TERT.MA.ZS','2012 [YR2012]',18.7000007629395),('KAZ','SL.UEM.TERT.MA.ZS','2013 [YR2013]',18.7999992370605),('KGZ','SL.UEM.TERT.FE.ZS','2002 [YR2002]',13.1000003814697),('KGZ','SL.UEM.TERT.FE.ZS','2003 [YR2003]',11.3999996185303),('KGZ','SL.UEM.TERT.FE.ZS','2004 [YR2004]',10.8000001907349),('KGZ','SL.UEM.TERT.FE.ZS','2005 [YR2005]',14.8999996185303),('KGZ','SL.UEM.TERT.FE.ZS','2006 [YR2006]',10.1999998092651),('KGZ','SL.UEM.TERT.FE.ZS','2011 [YR2011]',13.6999998092651),('KGZ','SL.UEM.TERT.FE.ZS','2012 [YR2012]',12.8999996185303),('KGZ','SL.UEM.TERT.FE.ZS','2013 [YR2013]',15.6999998092651),('KGZ','SL.UEM.TERT.MA.ZS','2002 [YR2002]',11.5),('KGZ','SL.UEM.TERT.MA.ZS','2003 [YR2003]',10.6000003814697),('KGZ','SL.UEM.TERT.MA.ZS','2004 [YR2004]',10.3999996185303),('KGZ','SL.UEM.TERT.MA.ZS','2005 [YR2005]',12.6999998092651),('KGZ','SL.UEM.TERT.MA.ZS','2006 [YR2006]',9.10000038146973),('KGZ','SL.UEM.TERT.MA.ZS','2011 [YR2011]',12.8000001907349),('KGZ','SL.UEM.TERT.MA.ZS','2012 [YR2012]',11.5),('KGZ','SL.UEM.TERT.MA.ZS','2013 [YR2013]',16.8999996185303),('KOR','SL.UEM.TERT.FE.ZS','1998 [YR1998]',9.39999961853027),('KOR','SL.UEM.TERT.FE.ZS','1999 [YR1999]',8.80000019073486),('KOR','SL.UEM.TERT.FE.ZS','2000 [YR2000]',9.60000038146973),('KOR','SL.UEM.TERT.FE.ZS','2001 [YR2001]',10.3999996185303),('KOR','SL.UEM.TERT.FE.ZS','2002 [YR2002]',13.8000001907349),('KOR','SL.UEM.TERT.FE.ZS','2003 [YR2003]',16.1000003814697),('KOR','SL.UEM.TERT.FE.ZS','2004 [YR2004]',16),('KOR','SL.UEM.TERT.FE.ZS','2005 [YR2005]',15),('KOR','SL.UEM.TERT.FE.ZS','2006 [YR2006]',20.7000007629395),('KOR','SL.UEM.TERT.FE.ZS','2007 [YR2007]',19.5),('KOR','SL.UEM.TERT.FE.ZS','2008 [YR2008]',21.8999996185303),('KOR','SL.UEM.TERT.MA.ZS','1998 [YR1998]',13.6000003814697),('KOR','SL.UEM.TERT.MA.ZS','1999 [YR1999]',13.6000003814697),('KOR','SL.UEM.TERT.MA.ZS','2000 [YR2000]',14.1000003814697),('KOR','SL.UEM.TERT.MA.ZS','2001 [YR2001]',16.3999996185303),('KOR','SL.UEM.TERT.MA.ZS','2002 [YR2002]',18.5),('KOR','SL.UEM.TERT.MA.ZS','2003 [YR2003]',19.1000003814697),('KOR','SL.UEM.TERT.MA.ZS','2004 [YR2004]',17.7999992370605),('KOR','SL.UEM.TERT.MA.ZS','2005 [YR2005]',17.2000007629395),('KOR','SL.UEM.TERT.MA.ZS','2006 [YR2006]',19.2999992370605),('KOR','SL.UEM.TERT.MA.ZS','2007 [YR2007]',19.2999992370605),('KOR','SL.UEM.TERT.MA.ZS','2008 [YR2008]',20.6000003814697),('KSV','SL.UEM.TERT.FE.ZS','2012 [YR2012]',17.2000007629395),('KSV','SL.UEM.TERT.MA.ZS','2012 [YR2012]',7.69999980926514),('KWT','SL.UEM.TERT.FE.ZS','1998 [YR1998]',5.40000009536743),('KWT','SL.UEM.TERT.FE.ZS','1999 [YR1999]',5),('KWT','SL.UEM.TERT.FE.ZS','2000 [YR2000]',4.30000019073486),('KWT','SL.UEM.TERT.FE.ZS','2001 [YR2001]',5.5),('KWT','SL.UEM.TERT.FE.ZS','2002 [YR2002]',11.3999996185303),('KWT','SL.UEM.TERT.FE.ZS','2003 [YR2003]',24.1000003814697),('KWT','SL.UEM.TERT.FE.ZS','2004 [YR2004]',19),('KWT','SL.UEM.TERT.FE.ZS','2005 [YR2005]',19.3999996185303),('KWT','SL.UEM.TERT.FE.ZS','2006 [YR2006]',13.5),('KWT','SL.UEM.TERT.MA.ZS','1998 [YR1998]',2.20000004768372),('KWT','SL.UEM.TERT.MA.ZS','1999 [YR1999]',2.20000004768372),('KWT','SL.UEM.TERT.MA.ZS','2000 [YR2000]',2),('KWT','SL.UEM.TERT.MA.ZS','2001 [YR2001]',2),('KWT','SL.UEM.TERT.MA.ZS','2002 [YR2002]',2.90000009536743),('KWT','SL.UEM.TERT.MA.ZS','2003 [YR2003]',6.90000009536743),('KWT','SL.UEM.TERT.MA.ZS','2004 [YR2004]',7.40000009536743),('KWT','SL.UEM.TERT.MA.ZS','2005 [YR2005]',6.59999990463257),('KWT','SL.UEM.TERT.MA.ZS','2006 [YR2006]',5.30000019073486),('LBN','SL.UEM.TERT.FE.ZS','2004 [YR2004]',36.9000015258789),('LBN','SL.UEM.TERT.FE.ZS','2007 [YR2007]',45.7000007629395),('LBN','SL.UEM.TERT.MA.ZS','2004 [YR2004]',14.8999996185303),('LBN','SL.UEM.TERT.MA.ZS','2007 [YR2007]',23.6000003814697),('LCA','SL.UEM.TERT.FE.ZS','1998 [YR1998]',2.29999995231628),('LCA','SL.UEM.TERT.FE.ZS','1999 [YR1999]',3.40000009536743),('LCA','SL.UEM.TERT.FE.ZS','2000 [YR2000]',4.59999990463257),('LCA','SL.UEM.TERT.MA.ZS','1998 [YR1998]',2.90000009536743),('LCA','SL.UEM.TERT.MA.ZS','1999 [YR1999]',4.5),('LCA','SL.UEM.TERT.MA.ZS','2000 [YR2000]',4.19999980926514),('LKA','SL.UEM.TERT.FE.ZS','2006 [YR2006]',34.2999992370605),('LKA','SL.UEM.TERT.FE.ZS','2007 [YR2007]',43.4000015258789),('LKA','SL.UEM.TERT.FE.ZS','2008 [YR2008]',40.7000007629395),('LKA','SL.UEM.TERT.FE.ZS','2009 [YR2009]',6.09999990463257),('LKA','SL.UEM.TERT.FE.ZS','2010 [YR2010]',11.3000001907349),('LKA','SL.UEM.TERT.FE.ZS','2011 [YR2011]',47.0999984741211),('LKA','SL.UEM.TERT.FE.ZS','2012 [YR2012]',43.5999984741211),('LKA','SL.UEM.TERT.FE.ZS','2013 [YR2013]',49.0999984741211),('LKA','SL.UEM.TERT.MA.ZS','2006 [YR2006]',18.2999992370605),('LKA','SL.UEM.TERT.MA.ZS','2007 [YR2007]',20.2999992370605),('LKA','SL.UEM.TERT.MA.ZS','2008 [YR2008]',20.7999992370605),('LKA','SL.UEM.TERT.MA.ZS','2009 [YR2009]',2.70000004768372),('LKA','SL.UEM.TERT.MA.ZS','2010 [YR2010]',4.30000019073486),('LKA','SL.UEM.TERT.MA.ZS','2011 [YR2011]',29.7999992370605),('LKA','SL.UEM.TERT.MA.ZS','2012 [YR2012]',22.1000003814697),('LKA','SL.UEM.TERT.MA.ZS','2013 [YR2013]',30.8999996185303),('LSO','SL.UEM.TERT.FE.ZS','2008 [YR2008]',0.400000005960464),('LSO','SL.UEM.TERT.MA.ZS','2008 [YR2008]',0.400000005960464),('LTU','SL.UEM.TERT.FE.ZS','1998 [YR1998]',31.7000007629395),('LTU','SL.UEM.TERT.FE.ZS','1999 [YR1999]',39.5),('LTU','SL.UEM.TERT.FE.ZS','2000 [YR2000]',29.2000007629395),('LTU','SL.UEM.TERT.FE.ZS','2001 [YR2001]',11.8000001907349),('LTU','SL.UEM.TERT.FE.ZS','2002 [YR2002]',16.2999992370605),('LTU','SL.UEM.TERT.FE.ZS','2003 [YR2003]',13.3000001907349),('LTU','SL.UEM.TERT.FE.ZS','2004 [YR2004]',19.2000007629395),('LTU','SL.UEM.TERT.FE.ZS','2005 [YR2005]',16),('LTU','SL.UEM.TERT.FE.ZS','2006 [YR2006]',16.3999996185303),('LTU','SL.UEM.TERT.FE.ZS','2007 [YR2007]',18.8999996185303),('LTU','SL.UEM.TERT.FE.ZS','2008 [YR2008]',21.5),('LTU','SL.UEM.TERT.FE.ZS','2009 [YR2009]',16.8999996185303),('LTU','SL.UEM.TERT.FE.ZS','2010 [YR2010]',20.3999996185303),('LTU','SL.UEM.TERT.FE.ZS','2011 [YR2011]',17.6000003814697),('LTU','SL.UEM.TERT.FE.ZS','2012 [YR2012]',20.1000003814697),('LTU','SL.UEM.TERT.FE.ZS','2013 [YR2013]',23.2999992370605),('LTU','SL.UEM.TERT.FE.ZS','2014 [YR2014]',21.7999992370605),('LTU','SL.UEM.TERT.MA.ZS','1998 [YR1998]',21.1000003814697),('LTU','SL.UEM.TERT.MA.ZS','1999 [YR1999]',19.2999992370605),('LTU','SL.UEM.TERT.MA.ZS','2000 [YR2000]',21.5),('LTU','SL.UEM.TERT.MA.ZS','2001 [YR2001]',10.1000003814697),('LTU','SL.UEM.TERT.MA.ZS','2002 [YR2002]',8.5),('LTU','SL.UEM.TERT.MA.ZS','2003 [YR2003]',11.3999996185303),('LTU','SL.UEM.TERT.MA.ZS','2004 [YR2004]',14),('LTU','SL.UEM.TERT.MA.ZS','2005 [YR2005]',12.1000003814697),('LTU','SL.UEM.TERT.MA.ZS','2006 [YR2006]',11.1999998092651),('LTU','SL.UEM.TERT.MA.ZS','2007 [YR2007]',11.6999998092651),('LTU','SL.UEM.TERT.MA.ZS','2008 [YR2008]',12.3999996185303),('LTU','SL.UEM.TERT.MA.ZS','2009 [YR2009]',13.3000001907349),('LTU','SL.UEM.TERT.MA.ZS','2010 [YR2010]',11.6000003814697),('LTU','SL.UEM.TERT.MA.ZS','2011 [YR2011]',12.3999996185303),('LTU','SL.UEM.TERT.MA.ZS','2012 [YR2012]',11.8000001907349),('LTU','SL.UEM.TERT.MA.ZS','2013 [YR2013]',10.8999996185303),('LTU','SL.UEM.TERT.MA.ZS','2014 [YR2014]',10.6000003814697),('LUX','SL.UEM.TERT.FE.ZS','1999 [YR1999]',9.80000019073486),('LUX','SL.UEM.TERT.FE.ZS','2000 [YR2000]',13),('LUX','SL.UEM.TERT.FE.ZS','2001 [YR2001]',16.5),('LUX','SL.UEM.TERT.FE.ZS','2002 [YR2002]',8.30000019073486),('LUX','SL.UEM.TERT.FE.ZS','2003 [YR2003]',17.2000007629395),('LUX','SL.UEM.TERT.FE.ZS','2004 [YR2004]',19.1000003814697),('LUX','SL.UEM.TERT.FE.ZS','2005 [YR2005]',21.7000007629395),('LUX','SL.UEM.TERT.FE.ZS','2006 [YR2006]',17.2999992370605),('LUX','SL.UEM.TERT.FE.ZS','2007 [YR2007]',25.2000007629395),('LUX','SL.UEM.TERT.FE.ZS','2008 [YR2008]',17.8999996185303),('LUX','SL.UEM.TERT.FE.ZS','2009 [YR2009]',29.5),('LUX','SL.UEM.TERT.FE.ZS','2010 [YR2010]',32.7000007629395),('LUX','SL.UEM.TERT.FE.ZS','2011 [YR2011]',29.2000007629395),('LUX','SL.UEM.TERT.FE.ZS','2012 [YR2012]',29.8999996185303),('LUX','SL.UEM.TERT.FE.ZS','2013 [YR2013]',28.3999996185303),('LUX','SL.UEM.TERT.FE.ZS','2014 [YR2014]',31.2999992370605),('LUX','SL.UEM.TERT.MA.ZS','1999 [YR1999]',9.30000019073486),('LUX','SL.UEM.TERT.MA.ZS','2000 [YR2000]',7.80000019073486),('LUX','SL.UEM.TERT.MA.ZS','2001 [YR2001]',16),('LUX','SL.UEM.TERT.MA.ZS','2002 [YR2002]',20.2999992370605),('LUX','SL.UEM.TERT.MA.ZS','2003 [YR2003]',21.1000003814697),('LUX','SL.UEM.TERT.MA.ZS','2004 [YR2004]',22.6000003814697),('LUX','SL.UEM.TERT.MA.ZS','2005 [YR2005]',24.7999992370605),('LUX','SL.UEM.TERT.MA.ZS','2006 [YR2006]',17.7999992370605),('LUX','SL.UEM.TERT.MA.ZS','2007 [YR2007]',21.2000007629395),('LUX','SL.UEM.TERT.MA.ZS','2008 [YR2008]',11.6999998092651),('LUX','SL.UEM.TERT.MA.ZS','2009 [YR2009]',32.2999992370605),('LUX','SL.UEM.TERT.MA.ZS','2010 [YR2010]',31.2999992370605),('LUX','SL.UEM.TERT.MA.ZS','2011 [YR2011]',30),('LUX','SL.UEM.TERT.MA.ZS','2012 [YR2012]',27.8999996185303),('LUX','SL.UEM.TERT.MA.ZS','2013 [YR2013]',28.7000007629395),('LUX','SL.UEM.TERT.MA.ZS','2014 [YR2014]',32.5999984741211),('LVA','SL.UEM.TERT.FE.ZS','1998 [YR1998]',10.1000003814697),('LVA','SL.UEM.TERT.FE.ZS','1999 [YR1999]',8.80000019073486),('LVA','SL.UEM.TERT.FE.ZS','2000 [YR2000]',12.1999998092651),('LVA','SL.UEM.TERT.FE.ZS','2001 [YR2001]',10),('LVA','SL.UEM.TERT.FE.ZS','2002 [YR2002]',12.3000001907349),('LVA','SL.UEM.TERT.FE.ZS','2003 [YR2003]',13.1000003814697),('LVA','SL.UEM.TERT.FE.ZS','2004 [YR2004]',8),('LVA','SL.UEM.TERT.FE.ZS','2005 [YR2005]',13.1000003814697),('LVA','SL.UEM.TERT.FE.ZS','2006 [YR2006]',18.5),('LVA','SL.UEM.TERT.FE.ZS','2007 [YR2007]',19.2999992370605),('LVA','SL.UEM.TERT.FE.ZS','2008 [YR2008]',20.3999996185303),('LVA','SL.UEM.TERT.FE.ZS','2009 [YR2009]',17.8999996185303),('LVA','SL.UEM.TERT.FE.ZS','2010 [YR2010]',21.7999992370605),('LVA','SL.UEM.TERT.FE.ZS','2011 [YR2011]',17.7000007629395),('LVA','SL.UEM.TERT.FE.ZS','2012 [YR2012]',16.7000007629395),('LVA','SL.UEM.TERT.FE.ZS','2013 [YR2013]',23.2999992370605),('LVA','SL.UEM.TERT.FE.ZS','2014 [YR2014]',24.7999992370605),('LVA','SL.UEM.TERT.MA.ZS','1998 [YR1998]',7.30000019073486),('LVA','SL.UEM.TERT.MA.ZS','1999 [YR1999]',8.19999980926514),('LVA','SL.UEM.TERT.MA.ZS','2000 [YR2000]',7.80000019073486),('LVA','SL.UEM.TERT.MA.ZS','2001 [YR2001]',6.5),('LVA','SL.UEM.TERT.MA.ZS','2002 [YR2002]',7),('LVA','SL.UEM.TERT.MA.ZS','2003 [YR2003]',8.5),('LVA','SL.UEM.TERT.MA.ZS','2004 [YR2004]',7.09999990463257),('LVA','SL.UEM.TERT.MA.ZS','2005 [YR2005]',8.10000038146973),('LVA','SL.UEM.TERT.MA.ZS','2006 [YR2006]',8.30000019073486),('LVA','SL.UEM.TERT.MA.ZS','2007 [YR2007]',10.1000003814697),('LVA','SL.UEM.TERT.MA.ZS','2008 [YR2008]',8),('LVA','SL.UEM.TERT.MA.ZS','2009 [YR2009]',7.80000019073486),('LVA','SL.UEM.TERT.MA.ZS','2010 [YR2010]',10.5),('LVA','SL.UEM.TERT.MA.ZS','2011 [YR2011]',9.30000019073486),('LVA','SL.UEM.TERT.MA.ZS','2012 [YR2012]',10.1999998092651),('LVA','SL.UEM.TERT.MA.ZS','2013 [YR2013]',10.3999996185303),('LVA','SL.UEM.TERT.MA.ZS','2014 [YR2014]',9.69999980926514),('MAC','SL.UEM.TERT.FE.ZS','1998 [YR1998]',9.69999980926514),('MAC','SL.UEM.TERT.FE.ZS','1999 [YR1999]',9.5),('MAC','SL.UEM.TERT.FE.ZS','2000 [YR2000]',9.10000038146973),('MAC','SL.UEM.TERT.FE.ZS','2001 [YR2001]',6.69999980926514),('MAC','SL.UEM.TERT.FE.ZS','2002 [YR2002]',4.30000019073486),('MAC','SL.UEM.TERT.FE.ZS','2003 [YR2003]',10.3999996185303),('MAC','SL.UEM.TERT.FE.ZS','2004 [YR2004]',9.10000038146973),('MAC','SL.UEM.TERT.FE.ZS','2005 [YR2005]',8.89999961853027),('MAC','SL.UEM.TERT.FE.ZS','2006 [YR2006]',12.5),('MAC','SL.UEM.TERT.FE.ZS','2007 [YR2007]',12.8000001907349),('MAC','SL.UEM.TERT.FE.ZS','2008 [YR2008]',20.8999996185303),('MAC','SL.UEM.TERT.FE.ZS','2009 [YR2009]',16.2999992370605),('MAC','SL.UEM.TERT.FE.ZS','2010 [YR2010]',18.2000007629395),('MAC','SL.UEM.TERT.FE.ZS','2011 [YR2011]',22.8999996185303),('MAC','SL.UEM.TERT.FE.ZS','2012 [YR2012]',25),('MAC','SL.UEM.TERT.FE.ZS','2013 [YR2013]',28),('MAC','SL.UEM.TERT.MA.ZS','1998 [YR1998]',4.69999980926514),('MAC','SL.UEM.TERT.MA.ZS','1999 [YR1999]',5.5),('MAC','SL.UEM.TERT.MA.ZS','2000 [YR2000]',4.09999990463257),('MAC','SL.UEM.TERT.MA.ZS','2001 [YR2001]',7.40000009536743),('MAC','SL.UEM.TERT.MA.ZS','2002 [YR2002]',4.40000009536743),('MAC','SL.UEM.TERT.MA.ZS','2003 [YR2003]',7.19999980926514),('MAC','SL.UEM.TERT.MA.ZS','2004 [YR2004]',5.90000009536743),('MAC','SL.UEM.TERT.MA.ZS','2005 [YR2005]',8.60000038146973),('MAC','SL.UEM.TERT.MA.ZS','2006 [YR2006]',12.5),('MAC','SL.UEM.TERT.MA.ZS','2007 [YR2007]',8.89999961853027),('MAC','SL.UEM.TERT.MA.ZS','2008 [YR2008]',12.3000001907349),('MAC','SL.UEM.TERT.MA.ZS','2009 [YR2009]',9.60000038146973),('MAC','SL.UEM.TERT.MA.ZS','2010 [YR2010]',11.8999996185303),('MAC','SL.UEM.TERT.MA.ZS','2011 [YR2011]',13.1999998092651),('MAC','SL.UEM.TERT.MA.ZS','2012 [YR2012]',19.5),('MAC','SL.UEM.TERT.MA.ZS','2013 [YR2013]',21.3999996185303),('MAR','SL.UEM.TERT.FE.ZS','1998 [YR1998]',28.8999996185303),('MAR','SL.UEM.TERT.FE.ZS','1999 [YR1999]',25.1000003814697),('MAR','SL.UEM.TERT.FE.ZS','2000 [YR2000]',29.2999992370605),('MAR','SL.UEM.TERT.FE.ZS','2001 [YR2001]',30.7000007629395),('MAR','SL.UEM.TERT.FE.ZS','2002 [YR2002]',33.2999992370605),('MAR','SL.UEM.TERT.FE.ZS','2003 [YR2003]',32.2999992370605),('MAR','SL.UEM.TERT.FE.ZS','2004 [YR2004]',32.2999992370605),('MAR','SL.UEM.TERT.FE.ZS','2005 [YR2005]',33.5),('MAR','SL.UEM.TERT.MA.ZS','1998 [YR1998]',14.3000001907349),('MAR','SL.UEM.TERT.MA.ZS','1999 [YR1999]',13.3999996185303),('MAR','SL.UEM.TERT.MA.ZS','2000 [YR2000]',13.3999996185303),('MAR','SL.UEM.TERT.MA.ZS','2001 [YR2001]',14),('MAR','SL.UEM.TERT.MA.ZS','2002 [YR2002]',14.8999996185303),('MAR','SL.UEM.TERT.MA.ZS','2003 [YR2003]',15.1999998092651),('MAR','SL.UEM.TERT.MA.ZS','2004 [YR2004]',16.2000007629395),('MAR','SL.UEM.TERT.MA.ZS','2005 [YR2005]',16.2000007629395),('MDA','SL.UEM.TERT.FE.ZS','2000 [YR2000]',11.3999996185303),('MDA','SL.UEM.TERT.FE.ZS','2001 [YR2001]',12.6000003814697),('MDA','SL.UEM.TERT.FE.ZS','2002 [YR2002]',13.6999998092651),('MDA','SL.UEM.TERT.FE.ZS','2003 [YR2003]',13.3000001907349),('MDA','SL.UEM.TERT.FE.ZS','2004 [YR2004]',13.1000003814697),('MDA','SL.UEM.TERT.FE.ZS','2005 [YR2005]',13),('MDA','SL.UEM.TERT.FE.ZS','2006 [YR2006]',15.6999998092651),('MDA','SL.UEM.TERT.FE.ZS','2007 [YR2007]',20.6000003814697),('MDA','SL.UEM.TERT.FE.ZS','2008 [YR2008]',32.0999984741211),('MDA','SL.UEM.TERT.FE.ZS','2009 [YR2009]',24.2000007629395),('MDA','SL.UEM.TERT.FE.ZS','2010 [YR2010]',26.5),('MDA','SL.UEM.TERT.FE.ZS','2011 [YR2011]',26.5),('MDA','SL.UEM.TERT.FE.ZS','2012 [YR2012]',26.2000007629395),('MDA','SL.UEM.TERT.FE.ZS','2013 [YR2013]',26.7999992370605),('MDA','SL.UEM.TERT.MA.ZS','2000 [YR2000]',8.89999961853027),('MDA','SL.UEM.TERT.MA.ZS','2001 [YR2001]',8.30000019073486),('MDA','SL.UEM.TERT.MA.ZS','2002 [YR2002]',10.6999998092651),('MDA','SL.UEM.TERT.MA.ZS','2003 [YR2003]',9.69999980926514),('MDA','SL.UEM.TERT.MA.ZS','2004 [YR2004]',10.6000003814697),('MDA','SL.UEM.TERT.MA.ZS','2005 [YR2005]',10.1999998092651),('MDA','SL.UEM.TERT.MA.ZS','2006 [YR2006]',11.8000001907349),('MDA','SL.UEM.TERT.MA.ZS','2007 [YR2007]',17.7999992370605),('MDA','SL.UEM.TERT.MA.ZS','2008 [YR2008]',18),('MDA','SL.UEM.TERT.MA.ZS','2009 [YR2009]',16.2999992370605),('MDA','SL.UEM.TERT.MA.ZS','2010 [YR2010]',15.8999996185303),('MDA','SL.UEM.TERT.MA.ZS','2011 [YR2011]',17.7000007629395),('MDA','SL.UEM.TERT.MA.ZS','2012 [YR2012]',21.7999992370605),('MDA','SL.UEM.TERT.MA.ZS','2013 [YR2013]',21.2999992370605),('MDG','SL.UEM.TERT.FE.ZS','2003 [YR2003]',4.90000009536743),('MDG','SL.UEM.TERT.FE.ZS','2005 [YR2005]',6.59999990463257),('MDG','SL.UEM.TERT.MA.ZS','2003 [YR2003]',7.80000019073486),('MDG','SL.UEM.TERT.MA.ZS','2005 [YR2005]',14),('MEX','SL.UEM.TERT.FE.ZS','1998 [YR1998]',17.7000007629395),('MEX','SL.UEM.TERT.FE.ZS','1999 [YR1999]',22.6000003814697),('MEX','SL.UEM.TERT.FE.ZS','2000 [YR2000]',22.1000003814697),('MEX','SL.UEM.TERT.FE.ZS','2001 [YR2001]',22),('MEX','SL.UEM.TERT.FE.ZS','2002 [YR2002]',25.6000003814697),('MEX','SL.UEM.TERT.FE.ZS','2003 [YR2003]',26.2999992370605),('MEX','SL.UEM.TERT.FE.ZS','2004 [YR2004]',26.7999992370605),('MEX','SL.UEM.TERT.FE.ZS','2005 [YR2005]',22.8999996185303),('MEX','SL.UEM.TERT.FE.ZS','2006 [YR2006]',23.3999996185303),('MEX','SL.UEM.TERT.FE.ZS','2007 [YR2007]',27.1000003814697),('MEX','SL.UEM.TERT.FE.ZS','2008 [YR2008]',25.7999992370605),('MEX','SL.UEM.TERT.FE.ZS','2011 [YR2011]',31.7999992370605),('MEX','SL.UEM.TERT.MA.ZS','1998 [YR1998]',15.5),('MEX','SL.UEM.TERT.MA.ZS','1999 [YR1999]',22.7999992370605),('MEX','SL.UEM.TERT.MA.ZS','2000 [YR2000]',15.3000001907349),('MEX','SL.UEM.TERT.MA.ZS','2001 [YR2001]',18.8999996185303),('MEX','SL.UEM.TERT.MA.ZS','2002 [YR2002]',19.1000003814697),('MEX','SL.UEM.TERT.MA.ZS','2003 [YR2003]',19.5),('MEX','SL.UEM.TERT.MA.ZS','2004 [YR2004]',21.6000003814697),('MEX','SL.UEM.TERT.MA.ZS','2005 [YR2005]',20.8999996185303),('MEX','SL.UEM.TERT.MA.ZS','2006 [YR2006]',18.7000007629395),('MEX','SL.UEM.TERT.MA.ZS','2007 [YR2007]',20),('MEX','SL.UEM.TERT.MA.ZS','2008 [YR2008]',17.5),('MEX','SL.UEM.TERT.MA.ZS','2011 [YR2011]',20.6000003814697),('MKD','SL.UEM.TERT.FE.ZS','2006 [YR2006]',11.5),('MKD','SL.UEM.TERT.FE.ZS','2007 [YR2007]',13.3000001907349),('MKD','SL.UEM.TERT.FE.ZS','2008 [YR2008]',13.1999998092651),('MKD','SL.UEM.TERT.FE.ZS','2009 [YR2009]',17.1000003814697),('MKD','SL.UEM.TERT.FE.ZS','2010 [YR2010]',17.8999996185303),('MKD','SL.UEM.TERT.FE.ZS','2011 [YR2011]',22.7999992370605),('MKD','SL.UEM.TERT.FE.ZS','2012 [YR2012]',23.7999992370605),('MKD','SL.UEM.TERT.FE.ZS','2013 [YR2013]',24.8999996185303),('MKD','SL.UEM.TERT.FE.ZS','2014 [YR2014]',23.7000007629395),('MKD','SL.UEM.TERT.MA.ZS','2006 [YR2006]',7.30000019073486),('MKD','SL.UEM.TERT.MA.ZS','2007 [YR2007]',7),('MKD','SL.UEM.TERT.MA.ZS','2008 [YR2008]',7.5),('MKD','SL.UEM.TERT.MA.ZS','2009 [YR2009]',7.90000009536743),('MKD','SL.UEM.TERT.MA.ZS','2010 [YR2010]',9.39999961853027),('MKD','SL.UEM.TERT.MA.ZS','2011 [YR2011]',10.3000001907349),('MKD','SL.UEM.TERT.MA.ZS','2012 [YR2012]',10.3999996185303),('MKD','SL.UEM.TERT.MA.ZS','2013 [YR2013]',10.8999996185303),('MKD','SL.UEM.TERT.MA.ZS','2014 [YR2014]',11.6999998092651),('MLT','SL.UEM.TERT.FE.ZS','1998 [YR1998]',9.5),('MLT','SL.UEM.TERT.FE.ZS','1999 [YR1999]',14.3999996185303),('MLT','SL.UEM.TERT.FE.ZS','2000 [YR2000]',5),('MLT','SL.UEM.TERT.FE.ZS','2001 [YR2001]',1.79999995231628),('MLT','SL.UEM.TERT.FE.ZS','2002 [YR2002]',7.5),('MLT','SL.UEM.TERT.FE.ZS','2003 [YR2003]',4.90000009536743),('MLT','SL.UEM.TERT.FE.ZS','2004 [YR2004]',1.79999995231628),('MLT','SL.UEM.TERT.FE.ZS','2005 [YR2005]',9),('MLT','SL.UEM.TERT.FE.ZS','2006 [YR2006]',8.60000038146973),('MLT','SL.UEM.TERT.FE.ZS','2007 [YR2007]',7.69999980926514),('MLT','SL.UEM.TERT.FE.ZS','2008 [YR2008]',4.90000009536743),('MLT','SL.UEM.TERT.FE.ZS','2009 [YR2009]',10.6000003814697),('MLT','SL.UEM.TERT.FE.ZS','2010 [YR2010]',7.30000019073486),('MLT','SL.UEM.TERT.FE.ZS','2011 [YR2011]',8.89999961853027),('MLT','SL.UEM.TERT.FE.ZS','2012 [YR2012]',11.6999998092651),('MLT','SL.UEM.TERT.FE.ZS','2013 [YR2013]',12.6000003814697),('MLT','SL.UEM.TERT.FE.ZS','2014 [YR2014]',17.5),('MLT','SL.UEM.TERT.MA.ZS','1998 [YR1998]',2.29999995231628),('MLT','SL.UEM.TERT.MA.ZS','1999 [YR1999]',2.90000009536743),('MLT','SL.UEM.TERT.MA.ZS','2000 [YR2000]',2.79999995231628),('MLT','SL.UEM.TERT.MA.ZS','2001 [YR2001]',2.09999990463257),('MLT','SL.UEM.TERT.MA.ZS','2002 [YR2002]',0),('MLT','SL.UEM.TERT.MA.ZS','2003 [YR2003]',7),('MLT','SL.UEM.TERT.MA.ZS','2004 [YR2004]',3.40000009536743),('MLT','SL.UEM.TERT.MA.ZS','2005 [YR2005]',4.19999980926514),('MLT','SL.UEM.TERT.MA.ZS','2006 [YR2006]',4.59999990463257),('MLT','SL.UEM.TERT.MA.ZS','2007 [YR2007]',5),('MLT','SL.UEM.TERT.MA.ZS','2008 [YR2008]',3.09999990463257),('MLT','SL.UEM.TERT.MA.ZS','2009 [YR2009]',4.59999990463257),('MLT','SL.UEM.TERT.MA.ZS','2010 [YR2010]',3.70000004768372),('MLT','SL.UEM.TERT.MA.ZS','2011 [YR2011]',4),('MLT','SL.UEM.TERT.MA.ZS','2012 [YR2012]',7.59999990463257),('MLT','SL.UEM.TERT.MA.ZS','2013 [YR2013]',7.90000009536743),('MLT','SL.UEM.TERT.MA.ZS','2014 [YR2014]',8.19999980926514),('MNE','SL.UEM.TERT.FE.ZS','2005 [YR2005]',6),('MNE','SL.UEM.TERT.FE.ZS','2007 [YR2007]',10),('MNE','SL.UEM.TERT.FE.ZS','2008 [YR2008]',9.10000038146973),('MNE','SL.UEM.TERT.FE.ZS','2009 [YR2009]',14),('MNE','SL.UEM.TERT.FE.ZS','2010 [YR2010]',16.6000003814697),('MNE','SL.UEM.TERT.FE.ZS','2011 [YR2011]',19),('MNE','SL.UEM.TERT.FE.ZS','2012 [YR2012]',14.6999998092651),('MNE','SL.UEM.TERT.MA.ZS','2005 [YR2005]',6.09999990463257),('MNE','SL.UEM.TERT.MA.ZS','2007 [YR2007]',9.30000019073486),('MNE','SL.UEM.TERT.MA.ZS','2008 [YR2008]',7.90000009536743),('MNE','SL.UEM.TERT.MA.ZS','2009 [YR2009]',10.3999996185303),('MNE','SL.UEM.TERT.MA.ZS','2010 [YR2010]',10.3999996185303),('MNE','SL.UEM.TERT.MA.ZS','2011 [YR2011]',14),('MNE','SL.UEM.TERT.MA.ZS','2012 [YR2012]',12.5),('MNG','SL.UEM.TERT.FE.ZS','2002 [YR2002]',31.2000007629395),('MNG','SL.UEM.TERT.FE.ZS','2003 [YR2003]',13.5),('MNG','SL.UEM.TERT.FE.ZS','2007 [YR2007]',15.6999998092651),('MNG','SL.UEM.TERT.FE.ZS','2008 [YR2008]',14.8999996185303),('MNG','SL.UEM.TERT.FE.ZS','2009 [YR2009]',24.3999996185303),('MNG','SL.UEM.TERT.FE.ZS','2010 [YR2010]',26.1000003814697),('MNG','SL.UEM.TERT.FE.ZS','2011 [YR2011]',33),('MNG','SL.UEM.TERT.FE.ZS','2012 [YR2012]',24.1000003814697),('MNG','SL.UEM.TERT.FE.ZS','2013 [YR2013]',33),('MNG','SL.UEM.TERT.MA.ZS','2002 [YR2002]',19.7000007629395),('MNG','SL.UEM.TERT.MA.ZS','2003 [YR2003]',6.5),('MNG','SL.UEM.TERT.MA.ZS','2007 [YR2007]',7),('MNG','SL.UEM.TERT.MA.ZS','2008 [YR2008]',10.5),('MNG','SL.UEM.TERT.MA.ZS','2009 [YR2009]',16.5),('MNG','SL.UEM.TERT.MA.ZS','2010 [YR2010]',14.6000003814697),('MNG','SL.UEM.TERT.MA.ZS','2011 [YR2011]',19.1000003814697),('MNG','SL.UEM.TERT.MA.ZS','2012 [YR2012]',17.7000007629395),('MNG','SL.UEM.TERT.MA.ZS','2013 [YR2013]',18.7999992370605),('MUS','SL.UEM.TERT.FE.ZS','2004 [YR2004]',5.19999980926514),('MUS','SL.UEM.TERT.FE.ZS','2005 [YR2005]',5),('MUS','SL.UEM.TERT.FE.ZS','2006 [YR2006]',4.19999980926514),('MUS','SL.UEM.TERT.FE.ZS','2007 [YR2007]',5.30000019073486),('MUS','SL.UEM.TERT.FE.ZS','2008 [YR2008]',4.30000019073486),('MUS','SL.UEM.TERT.FE.ZS','2009 [YR2009]',5.40000009536743),('MUS','SL.UEM.TERT.FE.ZS','2010 [YR2010]',7),('MUS','SL.UEM.TERT.FE.ZS','2012 [YR2012]',20.3999996185303),('MUS','SL.UEM.TERT.MA.ZS','2004 [YR2004]',4.90000009536743),('MUS','SL.UEM.TERT.MA.ZS','2005 [YR2005]',5.90000009536743),('MUS','SL.UEM.TERT.MA.ZS','2006 [YR2006]',4.09999990463257),('MUS','SL.UEM.TERT.MA.ZS','2007 [YR2007]',8.10000038146973),('MUS','SL.UEM.TERT.MA.ZS','2008 [YR2008]',6.80000019073486),('MUS','SL.UEM.TERT.MA.ZS','2009 [YR2009]',7),('MUS','SL.UEM.TERT.MA.ZS','2010 [YR2010]',9.60000038146973),('MUS','SL.UEM.TERT.MA.ZS','2012 [YR2012]',19.2000007629395),('MYS','SL.UEM.TERT.FE.ZS','1998 [YR1998]',18.3999996185303),('MYS','SL.UEM.TERT.FE.ZS','1999 [YR1999]',21.7000007629395),('MYS','SL.UEM.TERT.FE.ZS','2000 [YR2000]',23.5),('MYS','SL.UEM.TERT.FE.ZS','2001 [YR2001]',21.1000003814697),('MYS','SL.UEM.TERT.FE.ZS','2002 [YR2002]',24.7000007629395),('MYS','SL.UEM.TERT.FE.ZS','2003 [YR2003]',25.6000003814697),('MYS','SL.UEM.TERT.FE.ZS','2004 [YR2004]',29.2999992370605),('MYS','SL.UEM.TERT.FE.ZS','2005 [YR2005]',33),('MYS','SL.UEM.TERT.FE.ZS','2006 [YR2006]',35.4000015258789),('MYS','SL.UEM.TERT.FE.ZS','2007 [YR2007]',34.7999992370605),('MYS','SL.UEM.TERT.FE.ZS','2008 [YR2008]',32.2999992370605),('MYS','SL.UEM.TERT.FE.ZS','2011 [YR2011]',41.4000015258789),('MYS','SL.UEM.TERT.FE.ZS','2012 [YR2012]',40.9000015258789),('MYS','SL.UEM.TERT.FE.ZS','2013 [YR2013]',33.9000015258789),('MYS','SL.UEM.TERT.FE.ZS','2014 [YR2014]',39),('MYS','SL.UEM.TERT.MA.ZS','1998 [YR1998]',9.80000019073486),('MYS','SL.UEM.TERT.MA.ZS','1999 [YR1999]',10.3000001907349),('MYS','SL.UEM.TERT.MA.ZS','2000 [YR2000]',10.6000003814697),('MYS','SL.UEM.TERT.MA.ZS','2001 [YR2001]',10.8999996185303),('MYS','SL.UEM.TERT.MA.ZS','2002 [YR2002]',14.3000001907349),('MYS','SL.UEM.TERT.MA.ZS','2003 [YR2003]',15.1000003814697),('MYS','SL.UEM.TERT.MA.ZS','2004 [YR2004]',15.6000003814697),('MYS','SL.UEM.TERT.MA.ZS','2005 [YR2005]',17.8999996185303),('MYS','SL.UEM.TERT.MA.ZS','2006 [YR2006]',18.2999992370605),('MYS','SL.UEM.TERT.MA.ZS','2007 [YR2007]',19),('MYS','SL.UEM.TERT.MA.ZS','2008 [YR2008]',20),('MYS','SL.UEM.TERT.MA.ZS','2011 [YR2011]',22.5),('MYS','SL.UEM.TERT.MA.ZS','2012 [YR2012]',18.8999996185303),('MYS','SL.UEM.TERT.MA.ZS','2013 [YR2013]',16.5),('MYS','SL.UEM.TERT.MA.ZS','2014 [YR2014]',21),('NAM','SL.UEM.TERT.FE.ZS','2010 [YR2010]',2.59999990463257),('NAM','SL.UEM.TERT.FE.ZS','2012 [YR2012]',0.899999976158142),('NAM','SL.UEM.TERT.MA.ZS','2010 [YR2010]',1.79999995231628),('NAM','SL.UEM.TERT.MA.ZS','2012 [YR2012]',1.5),('NIC','SL.UEM.TERT.FE.ZS','1998 [YR1998]',20.5),('NIC','SL.UEM.TERT.FE.ZS','1999 [YR1999]',20.2999992370605),('NIC','SL.UEM.TERT.FE.ZS','2000 [YR2000]',22.2000007629395),('NIC','SL.UEM.TERT.FE.ZS','2001 [YR2001]',19.6000003814697),('NIC','SL.UEM.TERT.FE.ZS','2002 [YR2002]',25.1000003814697),('NIC','SL.UEM.TERT.FE.ZS','2003 [YR2003]',20.7999992370605),('NIC','SL.UEM.TERT.FE.ZS','2004 [YR2004]',20.7999992370605),('NIC','SL.UEM.TERT.FE.ZS','2005 [YR2005]',21),('NIC','SL.UEM.TERT.FE.ZS','2006 [YR2006]',21.6000003814697),('NIC','SL.UEM.TERT.FE.ZS','2008 [YR2008]',29.6000003814697),('NIC','SL.UEM.TERT.FE.ZS','2010 [YR2010]',23.8999996185303),('NIC','SL.UEM.TERT.MA.ZS','1998 [YR1998]',15.6999998092651),('NIC','SL.UEM.TERT.MA.ZS','1999 [YR1999]',11.6000003814697),('NIC','SL.UEM.TERT.MA.ZS','2000 [YR2000]',14.5),('NIC','SL.UEM.TERT.MA.ZS','2001 [YR2001]',11.8000001907349),('NIC','SL.UEM.TERT.MA.ZS','2002 [YR2002]',16.2999992370605),('NIC','SL.UEM.TERT.MA.ZS','2003 [YR2003]',14.3000001907349),('NIC','SL.UEM.TERT.MA.ZS','2004 [YR2004]',15.6000003814697),('NIC','SL.UEM.TERT.MA.ZS','2005 [YR2005]',17.3999996185303),('NIC','SL.UEM.TERT.MA.ZS','2006 [YR2006]',16.2000007629395),('NIC','SL.UEM.TERT.MA.ZS','2008 [YR2008]',16.7000007629395),('NIC','SL.UEM.TERT.MA.ZS','2010 [YR2010]',15.8999996185303),('NLD','SL.UEM.TERT.FE.ZS','1998 [YR1998]',10.8000001907349),('NLD','SL.UEM.TERT.FE.ZS','1999 [YR1999]',9.60000038146973),('NLD','SL.UEM.TERT.FE.ZS','2000 [YR2000]',14.5),('NLD','SL.UEM.TERT.FE.ZS','2001 [YR2001]',14.8999996185303),('NLD','SL.UEM.TERT.FE.ZS','2002 [YR2002]',13.8000001907349),('NLD','SL.UEM.TERT.FE.ZS','2003 [YR2003]',13.8999996185303),('NLD','SL.UEM.TERT.FE.ZS','2004 [YR2004]',14.5),('NLD','SL.UEM.TERT.FE.ZS','2005 [YR2005]',16.2999992370605),('NLD','SL.UEM.TERT.FE.ZS','2006 [YR2006]',15.8000001907349),('NLD','SL.UEM.TERT.FE.ZS','2007 [YR2007]',15.6999998092651),('NLD','SL.UEM.TERT.FE.ZS','2008 [YR2008]',17.7000007629395),('NLD','SL.UEM.TERT.FE.ZS','2009 [YR2009]',20),('NLD','SL.UEM.TERT.FE.ZS','2010 [YR2010]',18.7999992370605),('NLD','SL.UEM.TERT.FE.ZS','2011 [YR2011]',19.2999992370605),('NLD','SL.UEM.TERT.FE.ZS','2012 [YR2012]',18.7999992370605),('NLD','SL.UEM.TERT.FE.ZS','2013 [YR2013]',18.8999996185303),('NLD','SL.UEM.TERT.FE.ZS','2014 [YR2014]',18.5),('NLD','SL.UEM.TERT.MA.ZS','1998 [YR1998]',11),('NLD','SL.UEM.TERT.MA.ZS','1999 [YR1999]',13.1000003814697),('NLD','SL.UEM.TERT.MA.ZS','2000 [YR2000]',15.8000001907349),('NLD','SL.UEM.TERT.MA.ZS','2001 [YR2001]',21.1000003814697),('NLD','SL.UEM.TERT.MA.ZS','2002 [YR2002]',19.2000007629395),('NLD','SL.UEM.TERT.MA.ZS','2003 [YR2003]',20.8999996185303),('NLD','SL.UEM.TERT.MA.ZS','2004 [YR2004]',20.5),('NLD','SL.UEM.TERT.MA.ZS','2005 [YR2005]',20.1000003814697),('NLD','SL.UEM.TERT.MA.ZS','2006 [YR2006]',19.5),('NLD','SL.UEM.TERT.MA.ZS','2007 [YR2007]',18.7000007629395),('NLD','SL.UEM.TERT.MA.ZS','2008 [YR2008]',21),('NLD','SL.UEM.TERT.MA.ZS','2009 [YR2009]',19.8999996185303),('NLD','SL.UEM.TERT.MA.ZS','2010 [YR2010]',20.6000003814697),('NLD','SL.UEM.TERT.MA.ZS','2011 [YR2011]',21.1000003814697),('NLD','SL.UEM.TERT.MA.ZS','2012 [YR2012]',19.3999996185303),('NLD','SL.UEM.TERT.MA.ZS','2013 [YR2013]',19.1000003814697),('NLD','SL.UEM.TERT.MA.ZS','2014 [YR2014]',18.5),('NOR','SL.UEM.TERT.FE.ZS','1998 [YR1998]',21.7000007629395),('NOR','SL.UEM.TERT.FE.ZS','1999 [YR1999]',20.3999996185303),('NOR','SL.UEM.TERT.FE.ZS','2000 [YR2000]',22.1000003814697),('NOR','SL.UEM.TERT.FE.ZS','2001 [YR2001]',20.3999996185303),('NOR','SL.UEM.TERT.FE.ZS','2002 [YR2002]',21.3999996185303),('NOR','SL.UEM.TERT.FE.ZS','2003 [YR2003]',24.2000007629395),('NOR','SL.UEM.TERT.FE.ZS','2004 [YR2004]',26),('NOR','SL.UEM.TERT.FE.ZS','2005 [YR2005]',21.2000007629395),('NOR','SL.UEM.TERT.FE.ZS','2006 [YR2006]',19),('NOR','SL.UEM.TERT.FE.ZS','2007 [YR2007]',23.2999992370605),('NOR','SL.UEM.TERT.FE.ZS','2008 [YR2008]',21.8999996185303),('NOR','SL.UEM.TERT.FE.ZS','2009 [YR2009]',25),('NOR','SL.UEM.TERT.FE.ZS','2010 [YR2010]',25.3999996185303),('NOR','SL.UEM.TERT.FE.ZS','2011 [YR2011]',24.3999996185303),('NOR','SL.UEM.TERT.FE.ZS','2012 [YR2012]',22.2000007629395),('NOR','SL.UEM.TERT.FE.ZS','2013 [YR2013]',25.6000003814697),('NOR','SL.UEM.TERT.FE.ZS','2014 [YR2014]',34.2000007629395),('NOR','SL.UEM.TERT.MA.ZS','1998 [YR1998]',17.1000003814697),('NOR','SL.UEM.TERT.MA.ZS','1999 [YR1999]',19.2999992370605),('NOR','SL.UEM.TERT.MA.ZS','2000 [YR2000]',22.7999992370605),('NOR','SL.UEM.TERT.MA.ZS','2001 [YR2001]',21.7999992370605),('NOR','SL.UEM.TERT.MA.ZS','2002 [YR2002]',21.6000003814697),('NOR','SL.UEM.TERT.MA.ZS','2003 [YR2003]',20.8999996185303),('NOR','SL.UEM.TERT.MA.ZS','2004 [YR2004]',22.6000003814697),('NOR','SL.UEM.TERT.MA.ZS','2005 [YR2005]',17.7000007629395),('NOR','SL.UEM.TERT.MA.ZS','2006 [YR2006]',18.2999992370605),('NOR','SL.UEM.TERT.MA.ZS','2007 [YR2007]',19),('NOR','SL.UEM.TERT.MA.ZS','2008 [YR2008]',14.1999998092651),('NOR','SL.UEM.TERT.MA.ZS','2009 [YR2009]',13.5),('NOR','SL.UEM.TERT.MA.ZS','2010 [YR2010]',14.5),('NOR','SL.UEM.TERT.MA.ZS','2011 [YR2011]',14.8000001907349),('NOR','SL.UEM.TERT.MA.ZS','2012 [YR2012]',20.6000003814697),('NOR','SL.UEM.TERT.MA.ZS','2013 [YR2013]',18.2999992370605),('NOR','SL.UEM.TERT.MA.ZS','2014 [YR2014]',19.8999996185303),('NZL','SL.UEM.TERT.FE.ZS','1998 [YR1998]',12.8000001907349),('NZL','SL.UEM.TERT.FE.ZS','1999 [YR1999]',10.3000001907349),('NZL','SL.UEM.TERT.FE.ZS','2000 [YR2000]',13.8000001907349),('NZL','SL.UEM.TERT.FE.ZS','2001 [YR2001]',13),('NZL','SL.UEM.TERT.FE.ZS','2002 [YR2002]',13.6000003814697),('NZL','SL.UEM.TERT.FE.ZS','2003 [YR2003]',14.1999998092651),('NZL','SL.UEM.TERT.FE.ZS','2004 [YR2004]',27.3999996185303),('NZL','SL.UEM.TERT.FE.ZS','2005 [YR2005]',25.5),('NZL','SL.UEM.TERT.FE.ZS','2006 [YR2006]',29.8999996185303),('NZL','SL.UEM.TERT.FE.ZS','2007 [YR2007]',30),('NZL','SL.UEM.TERT.FE.ZS','2008 [YR2008]',30.2999992370605),('NZL','SL.UEM.TERT.MA.ZS','1998 [YR1998]',8.80000019073486),('NZL','SL.UEM.TERT.MA.ZS','1999 [YR1999]',9.30000019073486),('NZL','SL.UEM.TERT.MA.ZS','2000 [YR2000]',10.6000003814697),('NZL','SL.UEM.TERT.MA.ZS','2001 [YR2001]',10),('NZL','SL.UEM.TERT.MA.ZS','2002 [YR2002]',10.3000001907349),('NZL','SL.UEM.TERT.MA.ZS','2003 [YR2003]',14.8000001907349),('NZL','SL.UEM.TERT.MA.ZS','2004 [YR2004]',22.6000003814697),('NZL','SL.UEM.TERT.MA.ZS','2005 [YR2005]',23.5),('NZL','SL.UEM.TERT.MA.ZS','2006 [YR2006]',22.5),('NZL','SL.UEM.TERT.MA.ZS','2007 [YR2007]',22.8999996185303),('NZL','SL.UEM.TERT.MA.ZS','2008 [YR2008]',21.5),('PAK','SL.UEM.TERT.FE.ZS','2000 [YR2000]',13.3000001907349),('PAK','SL.UEM.TERT.FE.ZS','2001 [YR2001]',13.3999996185303),('PAK','SL.UEM.TERT.FE.ZS','2002 [YR2002]',18.5),('PAK','SL.UEM.TERT.FE.ZS','2003 [YR2003]',18.5),('PAK','SL.UEM.TERT.FE.ZS','2004 [YR2004]',21.6000003814697),('PAK','SL.UEM.TERT.FE.ZS','2005 [YR2005]',21.6000003814697),('PAK','SL.UEM.TERT.FE.ZS','2006 [YR2006]',19.7000007629395),('PAK','SL.UEM.TERT.FE.ZS','2007 [YR2007]',18.6000003814697),('PAK','SL.UEM.TERT.FE.ZS','2008 [YR2008]',22.3999996185303),('PAK','SL.UEM.TERT.MA.ZS','2000 [YR2000]',24.5),('PAK','SL.UEM.TERT.MA.ZS','2001 [YR2001]',24.3999996185303),('PAK','SL.UEM.TERT.MA.ZS','2002 [YR2002]',26.7999992370605),('PAK','SL.UEM.TERT.MA.ZS','2003 [YR2003]',26.7000007629395),('PAK','SL.UEM.TERT.MA.ZS','2004 [YR2004]',32.2000007629395),('PAK','SL.UEM.TERT.MA.ZS','2005 [YR2005]',32.2000007629395),('PAK','SL.UEM.TERT.MA.ZS','2006 [YR2006]',30),('PAK','SL.UEM.TERT.MA.ZS','2007 [YR2007]',29.7000007629395),('PAK','SL.UEM.TERT.MA.ZS','2008 [YR2008]',30.8999996185303),('PAN','SL.UEM.TERT.FE.ZS','2001 [YR2001]',26),('PAN','SL.UEM.TERT.FE.ZS','2002 [YR2002]',28.5),('PAN','SL.UEM.TERT.FE.ZS','2003 [YR2003]',31.8999996185303),('PAN','SL.UEM.TERT.FE.ZS','2004 [YR2004]',35.0999984741211),('PAN','SL.UEM.TERT.FE.ZS','2005 [YR2005]',37),('PAN','SL.UEM.TERT.FE.ZS','2006 [YR2006]',32.5),('PAN','SL.UEM.TERT.FE.ZS','2007 [YR2007]',29.5),('PAN','SL.UEM.TERT.FE.ZS','2008 [YR2008]',30.2999992370605),('PAN','SL.UEM.TERT.FE.ZS','2009 [YR2009]',28.7999992370605),('PAN','SL.UEM.TERT.FE.ZS','2010 [YR2010]',30.3999996185303),('PAN','SL.UEM.TERT.FE.ZS','2011 [YR2011]',39),('PAN','SL.UEM.TERT.FE.ZS','2012 [YR2012]',33.7999992370605),('PAN','SL.UEM.TERT.MA.ZS','2001 [YR2001]',16.6000003814697),('PAN','SL.UEM.TERT.MA.ZS','2002 [YR2002]',19.6000003814697),('PAN','SL.UEM.TERT.MA.ZS','2003 [YR2003]',19.7999992370605),('PAN','SL.UEM.TERT.MA.ZS','2004 [YR2004]',19.7999992370605),('PAN','SL.UEM.TERT.MA.ZS','2005 [YR2005]',20.8999996185303),('PAN','SL.UEM.TERT.MA.ZS','2006 [YR2006]',19.8999996185303),('PAN','SL.UEM.TERT.MA.ZS','2007 [YR2007]',18.1000003814697),('PAN','SL.UEM.TERT.MA.ZS','2008 [YR2008]',16.5),('PAN','SL.UEM.TERT.MA.ZS','2009 [YR2009]',17.8999996185303),('PAN','SL.UEM.TERT.MA.ZS','2010 [YR2010]',14.8999996185303),('PAN','SL.UEM.TERT.MA.ZS','2011 [YR2011]',58.2999992370605),('PAN','SL.UEM.TERT.MA.ZS','2012 [YR2012]',19.7000007629395),('PER','SL.UEM.TERT.FE.ZS','1998 [YR1998]',27.7000007629395),('PER','SL.UEM.TERT.FE.ZS','1999 [YR1999]',38.9000015258789),('PER','SL.UEM.TERT.FE.ZS','2000 [YR2000]',33.7999992370605),('PER','SL.UEM.TERT.FE.ZS','2001 [YR2001]',31.1000003814697),('PER','SL.UEM.TERT.FE.ZS','2002 [YR2002]',29.7999992370605),('PER','SL.UEM.TERT.FE.ZS','2003 [YR2003]',33),('PER','SL.UEM.TERT.FE.ZS','2004 [YR2004]',36.2000007629395),('PER','SL.UEM.TERT.FE.ZS','2005 [YR2005]',15),('PER','SL.UEM.TERT.FE.ZS','2007 [YR2007]',21.3999996185303),('PER','SL.UEM.TERT.FE.ZS','2009 [YR2009]',21.5),('PER','SL.UEM.TERT.FE.ZS','2011 [YR2011]',23.2000007629395),('PER','SL.UEM.TERT.MA.ZS','1998 [YR1998]',28.2000007629395),('PER','SL.UEM.TERT.MA.ZS','1999 [YR1999]',28),('PER','SL.UEM.TERT.MA.ZS','2000 [YR2000]',28.6000003814697),('PER','SL.UEM.TERT.MA.ZS','2001 [YR2001]',25.5),('PER','SL.UEM.TERT.MA.ZS','2002 [YR2002]',28.7999992370605),('PER','SL.UEM.TERT.MA.ZS','2003 [YR2003]',25.1000003814697),('PER','SL.UEM.TERT.MA.ZS','2004 [YR2004]',30.1000003814697),('PER','SL.UEM.TERT.MA.ZS','2005 [YR2005]',17.7000007629395),('PER','SL.UEM.TERT.MA.ZS','2007 [YR2007]',21.6000003814697),('PER','SL.UEM.TERT.MA.ZS','2009 [YR2009]',19.1000003814697),('PER','SL.UEM.TERT.MA.ZS','2011 [YR2011]',19.2999992370605),('PHL','SL.UEM.TERT.FE.ZS','1998 [YR1998]',34.7000007629395),('PHL','SL.UEM.TERT.FE.ZS','1999 [YR1999]',36.9000015258789),('PHL','SL.UEM.TERT.FE.ZS','2000 [YR2000]',37.4000015258789),('PHL','SL.UEM.TERT.FE.ZS','2001 [YR2001]',38.5999984741211),('PHL','SL.UEM.TERT.FE.ZS','2002 [YR2002]',40),('PHL','SL.UEM.TERT.FE.ZS','2003 [YR2003]',39.2999992370605),('PHL','SL.UEM.TERT.FE.ZS','2004 [YR2004]',37.5999984741211),('PHL','SL.UEM.TERT.FE.ZS','2005 [YR2005]',44.5999984741211),('PHL','SL.UEM.TERT.FE.ZS','2006 [YR2006]',43.9000015258789),('PHL','SL.UEM.TERT.FE.ZS','2007 [YR2007]',43.7000007629395),('PHL','SL.UEM.TERT.FE.ZS','2008 [YR2008]',46.5999984741211),('PHL','SL.UEM.TERT.MA.ZS','1998 [YR1998]',28),('PHL','SL.UEM.TERT.MA.ZS','1999 [YR1999]',30.5),('PHL','SL.UEM.TERT.MA.ZS','2000 [YR2000]',30.1000003814697),('PHL','SL.UEM.TERT.MA.ZS','2001 [YR2001]',30),('PHL','SL.UEM.TERT.MA.ZS','2002 [YR2002]',31),('PHL','SL.UEM.TERT.MA.ZS','2003 [YR2003]',32),('PHL','SL.UEM.TERT.MA.ZS','2004 [YR2004]',31.7000007629395),('PHL','SL.UEM.TERT.MA.ZS','2005 [YR2005]',36.4000015258789),('PHL','SL.UEM.TERT.MA.ZS','2006 [YR2006]',35.2999992370605),('PHL','SL.UEM.TERT.MA.ZS','2007 [YR2007]',35),('PHL','SL.UEM.TERT.MA.ZS','2008 [YR2008]',36.0999984741211),('POL','SL.UEM.TERT.FE.ZS','1998 [YR1998]',2.70000004768372),('POL','SL.UEM.TERT.FE.ZS','1999 [YR1999]',3.59999990463257),('POL','SL.UEM.TERT.FE.ZS','2000 [YR2000]',4.59999990463257),('POL','SL.UEM.TERT.FE.ZS','2001 [YR2001]',5.19999980926514),('POL','SL.UEM.TERT.FE.ZS','2002 [YR2002]',5.90000009536743),('POL','SL.UEM.TERT.FE.ZS','2003 [YR2003]',7.09999990463257),('POL','SL.UEM.TERT.FE.ZS','2004 [YR2004]',8.5),('POL','SL.UEM.TERT.FE.ZS','2005 [YR2005]',9.69999980926514),('POL','SL.UEM.TERT.FE.ZS','2006 [YR2006]',10.8000001907349),('POL','SL.UEM.TERT.FE.ZS','2007 [YR2007]',13.6999998092651),('POL','SL.UEM.TERT.FE.ZS','2008 [YR2008]',15.1000003814697),('POL','SL.UEM.TERT.FE.ZS','2009 [YR2009]',16.8999996185303),('POL','SL.UEM.TERT.FE.ZS','2010 [YR2010]',17.2999992370605),('POL','SL.UEM.TERT.FE.ZS','2011 [YR2011]',19.1000003814697),('POL','SL.UEM.TERT.FE.ZS','2012 [YR2012]',20.2999992370605),('POL','SL.UEM.TERT.FE.ZS','2013 [YR2013]',21.3999996185303),('POL','SL.UEM.TERT.FE.ZS','2014 [YR2014]',21.6000003814697),('POL','SL.UEM.TERT.MA.ZS','1998 [YR1998]',2.40000009536743),('POL','SL.UEM.TERT.MA.ZS','1999 [YR1999]',2.70000004768372),('POL','SL.UEM.TERT.MA.ZS','2000 [YR2000]',3.5),('POL','SL.UEM.TERT.MA.ZS','2001 [YR2001]',2.5),('POL','SL.UEM.TERT.MA.ZS','2002 [YR2002]',3),('POL','SL.UEM.TERT.MA.ZS','2003 [YR2003]',4.30000019073486),('POL','SL.UEM.TERT.MA.ZS','2004 [YR2004]',4.59999990463257),('POL','SL.UEM.TERT.MA.ZS','2005 [YR2005]',5.59999990463257),('POL','SL.UEM.TERT.MA.ZS','2006 [YR2006]',6.69999980926514),('POL','SL.UEM.TERT.MA.ZS','2007 [YR2007]',7.19999980926514),('POL','SL.UEM.TERT.MA.ZS','2008 [YR2008]',9.10000038146973),('POL','SL.UEM.TERT.MA.ZS','2009 [YR2009]',9.80000019073486),('POL','SL.UEM.TERT.MA.ZS','2010 [YR2010]',9.89999961853027),('POL','SL.UEM.TERT.MA.ZS','2011 [YR2011]',10.1000003814697),('POL','SL.UEM.TERT.MA.ZS','2012 [YR2012]',11.1000003814697),('POL','SL.UEM.TERT.MA.ZS','2013 [YR2013]',11.3999996185303),('POL','SL.UEM.TERT.MA.ZS','2014 [YR2014]',11),('PRT','SL.UEM.TERT.FE.ZS','1998 [YR1998]',6.30000019073486),('PRT','SL.UEM.TERT.FE.ZS','1999 [YR1999]',7.40000009536743),('PRT','SL.UEM.TERT.FE.ZS','2000 [YR2000]',7.69999980926514),('PRT','SL.UEM.TERT.FE.ZS','2001 [YR2001]',7.90000009536743),('PRT','SL.UEM.TERT.FE.ZS','2002 [YR2002]',13.3999996185303),('PRT','SL.UEM.TERT.FE.ZS','2003 [YR2003]',12.1000003814697),('PRT','SL.UEM.TERT.FE.ZS','2004 [YR2004]',10.5),('PRT','SL.UEM.TERT.FE.ZS','2005 [YR2005]',13.1000003814697),('PRT','SL.UEM.TERT.FE.ZS','2006 [YR2006]',14),('PRT','SL.UEM.TERT.FE.ZS','2007 [YR2007]',16.3999996185303),('PRT','SL.UEM.TERT.FE.ZS','2008 [YR2008]',17.3999996185303),('PRT','SL.UEM.TERT.FE.ZS','2009 [YR2009]',12.3999996185303),('PRT','SL.UEM.TERT.FE.ZS','2010 [YR2010]',13.1999998092651),('PRT','SL.UEM.TERT.FE.ZS','2011 [YR2011]',14.8000001907349),('PRT','SL.UEM.TERT.FE.ZS','2012 [YR2012]',18.6000003814697),('PRT','SL.UEM.TERT.FE.ZS','2013 [YR2013]',22),('PRT','SL.UEM.TERT.FE.ZS','2014 [YR2014]',22.5),('PRT','SL.UEM.TERT.MA.ZS','1998 [YR1998]',3.79999995231628),('PRT','SL.UEM.TERT.MA.ZS','1999 [YR1999]',6.30000019073486),('PRT','SL.UEM.TERT.MA.ZS','2000 [YR2000]',5.80000019073486),('PRT','SL.UEM.TERT.MA.ZS','2001 [YR2001]',4.5),('PRT','SL.UEM.TERT.MA.ZS','2002 [YR2002]',3),('PRT','SL.UEM.TERT.MA.ZS','2003 [YR2003]',6.19999980926514),('PRT','SL.UEM.TERT.MA.ZS','2004 [YR2004]',7.5),('PRT','SL.UEM.TERT.MA.ZS','2005 [YR2005]',8.19999980926514),('PRT','SL.UEM.TERT.MA.ZS','2006 [YR2006]',7.80000019073486),('PRT','SL.UEM.TERT.MA.ZS','2007 [YR2007]',8.80000019073486),('PRT','SL.UEM.TERT.MA.ZS','2008 [YR2008]',8.39999961853027),('PRT','SL.UEM.TERT.MA.ZS','2009 [YR2009]',8.39999961853027),('PRT','SL.UEM.TERT.MA.ZS','2010 [YR2010]',7.30000019073486),('PRT','SL.UEM.TERT.MA.ZS','2011 [YR2011]',10.8000001907349),('PRT','SL.UEM.TERT.MA.ZS','2012 [YR2012]',10.8999996185303),('PRT','SL.UEM.TERT.MA.ZS','2013 [YR2013]',10.1999998092651),('PRT','SL.UEM.TERT.MA.ZS','2014 [YR2014]',10.3999996185303),('PRY','SL.UEM.TERT.FE.ZS','2007 [YR2007]',5.59999990463257),('PRY','SL.UEM.TERT.FE.ZS','2008 [YR2008]',15),('PRY','SL.UEM.TERT.FE.ZS','2009 [YR2009]',21.1000003814697),('PRY','SL.UEM.TERT.FE.ZS','2010 [YR2010]',16.1000003814697),('PRY','SL.UEM.TERT.FE.ZS','2011 [YR2011]',25.2000007629395),('PRY','SL.UEM.TERT.FE.ZS','2013 [YR2013]',21.8999996185303),('PRY','SL.UEM.TERT.MA.ZS','2007 [YR2007]',10.8999996185303),('PRY','SL.UEM.TERT.MA.ZS','2008 [YR2008]',10.1999998092651),('PRY','SL.UEM.TERT.MA.ZS','2009 [YR2009]',14.3000001907349),('PRY','SL.UEM.TERT.MA.ZS','2010 [YR2010]',16.5),('PRY','SL.UEM.TERT.MA.ZS','2011 [YR2011]',16.7999992370605),('PRY','SL.UEM.TERT.MA.ZS','2013 [YR2013]',17.5),('QAT','SL.UEM.TERT.FE.ZS','2006 [YR2006]',36.7999992370605),('QAT','SL.UEM.TERT.FE.ZS','2007 [YR2007]',31.6000003814697),('QAT','SL.UEM.TERT.FE.ZS','2008 [YR2008]',20.7000007629395),('QAT','SL.UEM.TERT.FE.ZS','2009 [YR2009]',21.2999992370605),('QAT','SL.UEM.TERT.FE.ZS','2011 [YR2011]',45.0999984741211),('QAT','SL.UEM.TERT.FE.ZS','2012 [YR2012]',46.2000007629395),('QAT','SL.UEM.TERT.FE.ZS','2013 [YR2013]',45.7000007629395),('QAT','SL.UEM.TERT.MA.ZS','2006 [YR2006]',13.1999998092651),('QAT','SL.UEM.TERT.MA.ZS','2007 [YR2007]',10.8000001907349),('QAT','SL.UEM.TERT.MA.ZS','2008 [YR2008]',19.2999992370605),('QAT','SL.UEM.TERT.MA.ZS','2009 [YR2009]',31.2000007629395),('QAT','SL.UEM.TERT.MA.ZS','2011 [YR2011]',40.0999984741211),('QAT','SL.UEM.TERT.MA.ZS','2012 [YR2012]',19.6000003814697),('QAT','SL.UEM.TERT.MA.ZS','2013 [YR2013]',25.1000003814697),('ROM','SL.UEM.TERT.FE.ZS','1998 [YR1998]',5.09999990463257),('ROM','SL.UEM.TERT.FE.ZS','1999 [YR1999]',4.09999990463257),('ROM','SL.UEM.TERT.FE.ZS','2000 [YR2000]',3.79999995231628),('ROM','SL.UEM.TERT.FE.ZS','2001 [YR2001]',6.19999980926514),('ROM','SL.UEM.TERT.FE.ZS','2002 [YR2002]',5.69999980926514),('ROM','SL.UEM.TERT.FE.ZS','2003 [YR2003]',4.69999980926514),('ROM','SL.UEM.TERT.FE.ZS','2004 [YR2004]',5.69999980926514),('ROM','SL.UEM.TERT.FE.ZS','2005 [YR2005]',8.69999980926514),('ROM','SL.UEM.TERT.FE.ZS','2006 [YR2006]',9.80000019073486),('ROM','SL.UEM.TERT.FE.ZS','2007 [YR2007]',8.30000019073486),('ROM','SL.UEM.TERT.FE.ZS','2008 [YR2008]',9.80000019073486),('ROM','SL.UEM.TERT.FE.ZS','2009 [YR2009]',12.8999996185303),('ROM','SL.UEM.TERT.FE.ZS','2010 [YR2010]',13.6999998092651),('ROM','SL.UEM.TERT.FE.ZS','2011 [YR2011]',15.1000003814697),('ROM','SL.UEM.TERT.FE.ZS','2012 [YR2012]',17.7999992370605),('ROM','SL.UEM.TERT.FE.ZS','2013 [YR2013]',18.7999992370605),('ROM','SL.UEM.TERT.FE.ZS','2014 [YR2014]',20.5),('ROM','SL.UEM.TERT.MA.ZS','1998 [YR1998]',3),('ROM','SL.UEM.TERT.MA.ZS','1999 [YR1999]',3.20000004768372),('ROM','SL.UEM.TERT.MA.ZS','2000 [YR2000]',4.69999980926514),('ROM','SL.UEM.TERT.MA.ZS','2001 [YR2001]',4.80000019073486),('ROM','SL.UEM.TERT.MA.ZS','2002 [YR2002]',4.40000009536743),('ROM','SL.UEM.TERT.MA.ZS','2003 [YR2003]',5),('ROM','SL.UEM.TERT.MA.ZS','2004 [YR2004]',3.90000009536743),('ROM','SL.UEM.TERT.MA.ZS','2005 [YR2005]',5.09999990463257),('ROM','SL.UEM.TERT.MA.ZS','2006 [YR2006]',4.90000009536743),('ROM','SL.UEM.TERT.MA.ZS','2007 [YR2007]',4.69999980926514),('ROM','SL.UEM.TERT.MA.ZS','2008 [YR2008]',5),('ROM','SL.UEM.TERT.MA.ZS','2009 [YR2009]',7.5),('ROM','SL.UEM.TERT.MA.ZS','2010 [YR2010]',8.80000019073486),('ROM','SL.UEM.TERT.MA.ZS','2011 [YR2011]',8.5),('ROM','SL.UEM.TERT.MA.ZS','2012 [YR2012]',10),('ROM','SL.UEM.TERT.MA.ZS','2013 [YR2013]',10.3999996185303),('ROM','SL.UEM.TERT.MA.ZS','2014 [YR2014]',12.5),('RUS','SL.UEM.TERT.FE.ZS','1998 [YR1998]',46.5),('RUS','SL.UEM.TERT.FE.ZS','1999 [YR1999]',48.0999984741211),('RUS','SL.UEM.TERT.FE.ZS','2000 [YR2000]',45.2000007629395),('RUS','SL.UEM.TERT.FE.ZS','2001 [YR2001]',45.5999984741211),('RUS','SL.UEM.TERT.FE.ZS','2002 [YR2002]',44.0999984741211),('RUS','SL.UEM.TERT.FE.ZS','2003 [YR2003]',42.2000007629395),('RUS','SL.UEM.TERT.FE.ZS','2004 [YR2004]',40.5),('RUS','SL.UEM.TERT.FE.ZS','2005 [YR2005]',40.4000015258789),('RUS','SL.UEM.TERT.FE.ZS','2006 [YR2006]',39),('RUS','SL.UEM.TERT.FE.ZS','2007 [YR2007]',39.5),('RUS','SL.UEM.TERT.FE.ZS','2008 [YR2008]',41.5999984741211),('RUS','SL.UEM.TERT.FE.ZS','2009 [YR2009]',41.5999984741211),('RUS','SL.UEM.TERT.FE.ZS','2010 [YR2010]',42.0999984741211),('RUS','SL.UEM.TERT.FE.ZS','2011 [YR2011]',43.4000015258789),('RUS','SL.UEM.TERT.FE.ZS','2013 [YR2013]',43.7999992370605),('RUS','SL.UEM.TERT.MA.ZS','1998 [YR1998]',35.7999992370605),('RUS','SL.UEM.TERT.MA.ZS','1999 [YR1999]',35.5999984741211),('RUS','SL.UEM.TERT.MA.ZS','2000 [YR2000]',34.7000007629395),('RUS','SL.UEM.TERT.MA.ZS','2001 [YR2001]',32.2999992370605),('RUS','SL.UEM.TERT.MA.ZS','2002 [YR2002]',32.7000007629395),('RUS','SL.UEM.TERT.MA.ZS','2003 [YR2003]',28),('RUS','SL.UEM.TERT.MA.ZS','2004 [YR2004]',27.1000003814697),('RUS','SL.UEM.TERT.MA.ZS','2005 [YR2005]',25.5),('RUS','SL.UEM.TERT.MA.ZS','2006 [YR2006]',26.6000003814697),('RUS','SL.UEM.TERT.MA.ZS','2007 [YR2007]',25.7000007629395),('RUS','SL.UEM.TERT.MA.ZS','2008 [YR2008]',27.3999996185303),('RUS','SL.UEM.TERT.MA.ZS','2009 [YR2009]',29.2999992370605),('RUS','SL.UEM.TERT.MA.ZS','2010 [YR2010]',30),('RUS','SL.UEM.TERT.MA.ZS','2011 [YR2011]',29.7999992370605),('RUS','SL.UEM.TERT.MA.ZS','2013 [YR2013]',31),('RWA','SL.UEM.TERT.FE.ZS','2000 [YR2000]',9.39999961853027),('RWA','SL.UEM.TERT.MA.ZS','2000 [YR2000]',0.5),('SAU','SL.UEM.TERT.FE.ZS','1999 [YR1999]',39.0999984741211),('SAU','SL.UEM.TERT.FE.ZS','2000 [YR2000]',43),('SAU','SL.UEM.TERT.FE.ZS','2001 [YR2001]',37.2000007629395),('SAU','SL.UEM.TERT.FE.ZS','2002 [YR2002]',49.5999984741211),('SAU','SL.UEM.TERT.FE.ZS','2006 [YR2006]',64.3000030517578),('SAU','SL.UEM.TERT.FE.ZS','2007 [YR2007]',68.8000030517578),('SAU','SL.UEM.TERT.FE.ZS','2008 [YR2008]',76.4000015258789),('SAU','SL.UEM.TERT.FE.ZS','2009 [YR2009]',77.6999969482422),('SAU','SL.UEM.TERT.FE.ZS','2011 [YR2011]',61.2999992370605),('SAU','SL.UEM.TERT.FE.ZS','2012 [YR2012]',73.9000015258789),('SAU','SL.UEM.TERT.MA.ZS','1999 [YR1999]',6.90000009536743),('SAU','SL.UEM.TERT.MA.ZS','2000 [YR2000]',7.5),('SAU','SL.UEM.TERT.MA.ZS','2001 [YR2001]',14.8000001907349),('SAU','SL.UEM.TERT.MA.ZS','2002 [YR2002]',6.5),('SAU','SL.UEM.TERT.MA.ZS','2006 [YR2006]',11.6000003814697),('SAU','SL.UEM.TERT.MA.ZS','2007 [YR2007]',9.89999961853027),('SAU','SL.UEM.TERT.MA.ZS','2008 [YR2008]',13.3000001907349),('SAU','SL.UEM.TERT.MA.ZS','2009 [YR2009]',16.6000003814697),('SAU','SL.UEM.TERT.MA.ZS','2011 [YR2011]',11.6000003814697),('SAU','SL.UEM.TERT.MA.ZS','2012 [YR2012]',14.8000001907349),('SEN','SL.UEM.TERT.FE.ZS','2006 [YR2006]',2.09999990463257),('SEN','SL.UEM.TERT.MA.ZS','2006 [YR2006]',2.79999995231628),('SGP','SL.UEM.TERT.FE.ZS','1998 [YR1998]',14.1999998092651),('SGP','SL.UEM.TERT.FE.ZS','1999 [YR1999]',13.8000001907349),('SGP','SL.UEM.TERT.FE.ZS','2001 [YR2001]',13.3999996185303),('SGP','SL.UEM.TERT.FE.ZS','2002 [YR2002]',19.5),('SGP','SL.UEM.TERT.FE.ZS','2003 [YR2003]',20.7000007629395),('SGP','SL.UEM.TERT.FE.ZS','2004 [YR2004]',20.8999996185303),('SGP','SL.UEM.TERT.FE.ZS','2006 [YR2006]',20.7999992370605),('SGP','SL.UEM.TERT.FE.ZS','2007 [YR2007]',25),('SGP','SL.UEM.TERT.FE.ZS','2008 [YR2008]',28.1000003814697),('SGP','SL.UEM.TERT.FE.ZS','2009 [YR2009]',27.3999996185303),('SGP','SL.UEM.TERT.FE.ZS','2010 [YR2010]',28.2000007629395),('SGP','SL.UEM.TERT.FE.ZS','2011 [YR2011]',25.2999992370605),('SGP','SL.UEM.TERT.FE.ZS','2012 [YR2012]',26.1000003814697),('SGP','SL.UEM.TERT.FE.ZS','2013 [YR2013]',50.5),('SGP','SL.UEM.TERT.MA.ZS','1998 [YR1998]',12.3000001907349),('SGP','SL.UEM.TERT.MA.ZS','1999 [YR1999]',10.8000001907349),('SGP','SL.UEM.TERT.MA.ZS','2001 [YR2001]',11.8000001907349),('SGP','SL.UEM.TERT.MA.ZS','2002 [YR2002]',13.8999996185303),('SGP','SL.UEM.TERT.MA.ZS','2003 [YR2003]',17.2999992370605),('SGP','SL.UEM.TERT.MA.ZS','2004 [YR2004]',16.5),('SGP','SL.UEM.TERT.MA.ZS','2006 [YR2006]',18.1000003814697),('SGP','SL.UEM.TERT.MA.ZS','2007 [YR2007]',17.7000007629395),('SGP','SL.UEM.TERT.MA.ZS','2008 [YR2008]',21.7000007629395),('SGP','SL.UEM.TERT.MA.ZS','2009 [YR2009]',22.2999992370605),('SGP','SL.UEM.TERT.MA.ZS','2010 [YR2010]',21.2999992370605),('SGP','SL.UEM.TERT.MA.ZS','2011 [YR2011]',23.6000003814697),('SGP','SL.UEM.TERT.MA.ZS','2012 [YR2012]',25.7999992370605),('SGP','SL.UEM.TERT.MA.ZS','2013 [YR2013]',48),('SLV','SL.UEM.TERT.FE.ZS','1998 [YR1998]',12.6999998092651),('SLV','SL.UEM.TERT.FE.ZS','2005 [YR2005]',19.3999996185303),('SLV','SL.UEM.TERT.FE.ZS','2007 [YR2007]',15.5),('SLV','SL.UEM.TERT.FE.ZS','2008 [YR2008]',39.2000007629395),('SLV','SL.UEM.TERT.FE.ZS','2009 [YR2009]',6.19999980926514),('SLV','SL.UEM.TERT.FE.ZS','2010 [YR2010]',13.3999996185303),('SLV','SL.UEM.TERT.FE.ZS','2013 [YR2013]',0),('SLV','SL.UEM.TERT.MA.ZS','1998 [YR1998]',5.09999990463257),('SLV','SL.UEM.TERT.MA.ZS','2005 [YR2005]',7),('SLV','SL.UEM.TERT.MA.ZS','2007 [YR2007]',6.09999990463257),('SLV','SL.UEM.TERT.MA.ZS','2008 [YR2008]',18.8999996185303),('SLV','SL.UEM.TERT.MA.ZS','2009 [YR2009]',1.60000002384186),('SLV','SL.UEM.TERT.MA.ZS','2010 [YR2010]',8.39999961853027),('SLV','SL.UEM.TERT.MA.ZS','2013 [YR2013]',0.200000002980232),('SMR','SL.UEM.TERT.FE.ZS','1998 [YR1998]',62),('SMR','SL.UEM.TERT.FE.ZS','1999 [YR1999]',64.5999984741211),('SMR','SL.UEM.TERT.FE.ZS','2001 [YR2001]',20.2999992370605),('SMR','SL.UEM.TERT.FE.ZS','2002 [YR2002]',21.1000003814697),('SMR','SL.UEM.TERT.FE.ZS','2003 [YR2003]',22.2000007629395),('SMR','SL.UEM.TERT.FE.ZS','2004 [YR2004]',27.8999996185303),('SMR','SL.UEM.TERT.FE.ZS','2005 [YR2005]',30.2999992370605),('SMR','SL.UEM.TERT.FE.ZS','2006 [YR2006]',31.7000007629395),('SMR','SL.UEM.TERT.FE.ZS','2007 [YR2007]',32.9000015258789),('SMR','SL.UEM.TERT.FE.ZS','2008 [YR2008]',26.6000003814697),('SMR','SL.UEM.TERT.FE.ZS','2009 [YR2009]',23.5),('SMR','SL.UEM.TERT.FE.ZS','2010 [YR2010]',23.8999996185303),('SMR','SL.UEM.TERT.MA.ZS','1998 [YR1998]',68.5),('SMR','SL.UEM.TERT.MA.ZS','1999 [YR1999]',69.4000015258789),('SMR','SL.UEM.TERT.MA.ZS','2001 [YR2001]',22),('SMR','SL.UEM.TERT.MA.ZS','2002 [YR2002]',26.1000003814697),('SMR','SL.UEM.TERT.MA.ZS','2003 [YR2003]',23),('SMR','SL.UEM.TERT.MA.ZS','2004 [YR2004]',25.6000003814697),('SMR','SL.UEM.TERT.MA.ZS','2005 [YR2005]',23.2999992370605),('SMR','SL.UEM.TERT.MA.ZS','2006 [YR2006]',31.2999992370605),('SMR','SL.UEM.TERT.MA.ZS','2007 [YR2007]',23.5),('SMR','SL.UEM.TERT.MA.ZS','2008 [YR2008]',16.7999992370605),('SMR','SL.UEM.TERT.MA.ZS','2009 [YR2009]',14.3999996185303),('SMR','SL.UEM.TERT.MA.ZS','2010 [YR2010]',18.5),('SRB','SL.UEM.TERT.FE.ZS','2013 [YR2013]',20.5),('SRB','SL.UEM.TERT.MA.ZS','2013 [YR2013]',15.1999998092651),('SVK','SL.UEM.TERT.FE.ZS','1998 [YR1998]',3.59999990463257),('SVK','SL.UEM.TERT.FE.ZS','1999 [YR1999]',2.79999995231628),('SVK','SL.UEM.TERT.FE.ZS','2000 [YR2000]',2.5),('SVK','SL.UEM.TERT.FE.ZS','2001 [YR2001]',2.70000004768372),('SVK','SL.UEM.TERT.FE.ZS','2002 [YR2002]',2.90000009536743),('SVK','SL.UEM.TERT.FE.ZS','2003 [YR2003]',3.90000009536743),('SVK','SL.UEM.TERT.FE.ZS','2004 [YR2004]',4.30000019073486),('SVK','SL.UEM.TERT.FE.ZS','2005 [YR2005]',4.90000009536743),('SVK','SL.UEM.TERT.FE.ZS','2006 [YR2006]',4.59999990463257),('SVK','SL.UEM.TERT.FE.ZS','2007 [YR2007]',6.80000019073486),('SVK','SL.UEM.TERT.FE.ZS','2008 [YR2008]',6.69999980926514),('SVK','SL.UEM.TERT.FE.ZS','2009 [YR2009]',6.80000019073486),('SVK','SL.UEM.TERT.FE.ZS','2010 [YR2010]',8),('SVK','SL.UEM.TERT.FE.ZS','2011 [YR2011]',11.1999998092651),('SVK','SL.UEM.TERT.FE.ZS','2012 [YR2012]',12.5),('SVK','SL.UEM.TERT.FE.ZS','2013 [YR2013]',13.6000003814697),('SVK','SL.UEM.TERT.FE.ZS','2014 [YR2014]',13.6999998092651),('SVK','SL.UEM.TERT.MA.ZS','1998 [YR1998]',2.09999990463257),('SVK','SL.UEM.TERT.MA.ZS','1999 [YR1999]',2.59999990463257),('SVK','SL.UEM.TERT.MA.ZS','2000 [YR2000]',3.29999995231628),('SVK','SL.UEM.TERT.MA.ZS','2001 [YR2001]',3.20000004768372),('SVK','SL.UEM.TERT.MA.ZS','2002 [YR2002]',1.89999997615814),('SVK','SL.UEM.TERT.MA.ZS','2003 [YR2003]',2.40000009536743),('SVK','SL.UEM.TERT.MA.ZS','2004 [YR2004]',4),('SVK','SL.UEM.TERT.MA.ZS','2005 [YR2005]',4.19999980926514),('SVK','SL.UEM.TERT.MA.ZS','2006 [YR2006]',3),('SVK','SL.UEM.TERT.MA.ZS','2007 [YR2007]',4.19999980926514),('SVK','SL.UEM.TERT.MA.ZS','2008 [YR2008]',4.90000009536743),('SVK','SL.UEM.TERT.MA.ZS','2009 [YR2009]',5),('SVK','SL.UEM.TERT.MA.ZS','2010 [YR2010]',6.80000019073486),('SVK','SL.UEM.TERT.MA.ZS','2011 [YR2011]',6.19999980926514),('SVK','SL.UEM.TERT.MA.ZS','2012 [YR2012]',7.30000019073486),('SVK','SL.UEM.TERT.MA.ZS','2013 [YR2013]',7.90000009536743),('SVK','SL.UEM.TERT.MA.ZS','2014 [YR2014]',7.19999980926514),('SVN','SL.UEM.TERT.FE.ZS','1998 [YR1998]',5),('SVN','SL.UEM.TERT.FE.ZS','1999 [YR1999]',7.19999980926514),('SVN','SL.UEM.TERT.FE.ZS','2000 [YR2000]',8),('SVN','SL.UEM.TERT.FE.ZS','2001 [YR2001]',6.5),('SVN','SL.UEM.TERT.FE.ZS','2002 [YR2002]',8.19999980926514),('SVN','SL.UEM.TERT.FE.ZS','2003 [YR2003]',12.1999998092651),('SVN','SL.UEM.TERT.FE.ZS','2004 [YR2004]',11.8999996185303),('SVN','SL.UEM.TERT.FE.ZS','2005 [YR2005]',11.1999998092651),('SVN','SL.UEM.TERT.FE.ZS','2006 [YR2006]',14.6000003814697),('SVN','SL.UEM.TERT.FE.ZS','2007 [YR2007]',18.7999992370605),('SVN','SL.UEM.TERT.FE.ZS','2008 [YR2008]',22.1000003814697),('SVN','SL.UEM.TERT.FE.ZS','2009 [YR2009]',17.6000003814697),('SVN','SL.UEM.TERT.FE.ZS','2010 [YR2010]',20),('SVN','SL.UEM.TERT.FE.ZS','2011 [YR2011]',20.8999996185303),('SVN','SL.UEM.TERT.FE.ZS','2012 [YR2012]',27.7999992370605),('SVN','SL.UEM.TERT.FE.ZS','2013 [YR2013]',24.2999992370605),('SVN','SL.UEM.TERT.FE.ZS','2014 [YR2014]',27.3999996185303),('SVN','SL.UEM.TERT.MA.ZS','1998 [YR1998]',5.69999980926514),('SVN','SL.UEM.TERT.MA.ZS','1999 [YR1999]',6),('SVN','SL.UEM.TERT.MA.ZS','2000 [YR2000]',2.79999995231628),('SVN','SL.UEM.TERT.MA.ZS','2001 [YR2001]',4.80000019073486),('SVN','SL.UEM.TERT.MA.ZS','2002 [YR2002]',4.19999980926514),('SVN','SL.UEM.TERT.MA.ZS','2003 [YR2003]',9.5),('SVN','SL.UEM.TERT.MA.ZS','2004 [YR2004]',6.30000019073486),('SVN','SL.UEM.TERT.MA.ZS','2005 [YR2005]',9.19999980926514),('SVN','SL.UEM.TERT.MA.ZS','2006 [YR2006]',9.19999980926514),('SVN','SL.UEM.TERT.MA.ZS','2007 [YR2007]',12),('SVN','SL.UEM.TERT.MA.ZS','2008 [YR2008]',14.3000001907349),('SVN','SL.UEM.TERT.MA.ZS','2009 [YR2009]',9.89999961853027),('SVN','SL.UEM.TERT.MA.ZS','2010 [YR2010]',11),('SVN','SL.UEM.TERT.MA.ZS','2011 [YR2011]',12.6000003814697),('SVN','SL.UEM.TERT.MA.ZS','2012 [YR2012]',12.3000001907349),('SVN','SL.UEM.TERT.MA.ZS','2013 [YR2013]',12.5),('SVN','SL.UEM.TERT.MA.ZS','2014 [YR2014]',12.3000001907349),('SWE','SL.UEM.TERT.FE.ZS','1998 [YR1998]',14.3000001907349),('SWE','SL.UEM.TERT.FE.ZS','1999 [YR1999]',13.1999998092651),('SWE','SL.UEM.TERT.FE.ZS','2000 [YR2000]',14.8000001907349),('SWE','SL.UEM.TERT.FE.ZS','2001 [YR2001]',13.8999996185303),('SWE','SL.UEM.TERT.FE.ZS','2002 [YR2002]',13.6000003814697),('SWE','SL.UEM.TERT.FE.ZS','2003 [YR2003]',15.3999996185303),('SWE','SL.UEM.TERT.FE.ZS','2004 [YR2004]',17.5),('SWE','SL.UEM.TERT.FE.ZS','2005 [YR2005]',18.2000007629395),('SWE','SL.UEM.TERT.FE.ZS','2006 [YR2006]',20.2000007629395),('SWE','SL.UEM.TERT.FE.ZS','2007 [YR2007]',18.2999992370605),('SWE','SL.UEM.TERT.FE.ZS','2008 [YR2008]',18.2999992370605),('SWE','SL.UEM.TERT.FE.ZS','2009 [YR2009]',19),('SWE','SL.UEM.TERT.FE.ZS','2010 [YR2010]',19.7000007629395),('SWE','SL.UEM.TERT.FE.ZS','2011 [YR2011]',19.7000007629395),('SWE','SL.UEM.TERT.FE.ZS','2012 [YR2012]',20.5),('SWE','SL.UEM.TERT.FE.ZS','2013 [YR2013]',22.1000003814697),('SWE','SL.UEM.TERT.FE.ZS','2014 [YR2014]',22.7000007629395),('SWE','SL.UEM.TERT.MA.ZS','1998 [YR1998]',13.5),('SWE','SL.UEM.TERT.MA.ZS','1999 [YR1999]',15.6000003814697),('SWE','SL.UEM.TERT.MA.ZS','2000 [YR2000]',16.8999996185303),('SWE','SL.UEM.TERT.MA.ZS','2001 [YR2001]',10.3999996185303),('SWE','SL.UEM.TERT.MA.ZS','2002 [YR2002]',13.5),('SWE','SL.UEM.TERT.MA.ZS','2003 [YR2003]',17.2999992370605),('SWE','SL.UEM.TERT.MA.ZS','2004 [YR2004]',14.8999996185303),('SWE','SL.UEM.TERT.MA.ZS','2005 [YR2005]',15.3999996185303),('SWE','SL.UEM.TERT.MA.ZS','2006 [YR2006]',16.6000003814697),('SWE','SL.UEM.TERT.MA.ZS','2007 [YR2007]',16.8999996185303),('SWE','SL.UEM.TERT.MA.ZS','2008 [YR2008]',16),('SWE','SL.UEM.TERT.MA.ZS','2009 [YR2009]',15.3999996185303),('SWE','SL.UEM.TERT.MA.ZS','2010 [YR2010]',16),('SWE','SL.UEM.TERT.MA.ZS','2011 [YR2011]',16.5),('SWE','SL.UEM.TERT.MA.ZS','2012 [YR2012]',16.8999996185303),('SWE','SL.UEM.TERT.MA.ZS','2013 [YR2013]',16.7000007629395),('SWE','SL.UEM.TERT.MA.ZS','2014 [YR2014]',18.1000003814697),('SYR','SL.UEM.TERT.FE.ZS','2006 [YR2006]',7.19999980926514),('SYR','SL.UEM.TERT.FE.ZS','2007 [YR2007]',6.5),('SYR','SL.UEM.TERT.FE.ZS','2008 [YR2008]',8.10000038146973),('SYR','SL.UEM.TERT.MA.ZS','2006 [YR2006]',5),('SYR','SL.UEM.TERT.MA.ZS','2007 [YR2007]',5.80000019073486),('SYR','SL.UEM.TERT.MA.ZS','2008 [YR2008]',3.09999990463257),('THA','SL.UEM.TERT.FE.ZS','1998 [YR1998]',18.5),('THA','SL.UEM.TERT.FE.ZS','1999 [YR1999]',13.6999998092651),('THA','SL.UEM.TERT.FE.ZS','2000 [YR2000]',21.6000003814697),('THA','SL.UEM.TERT.FE.ZS','2003 [YR2003]',0),('THA','SL.UEM.TERT.FE.ZS','2004 [YR2004]',0),('THA','SL.UEM.TERT.FE.ZS','2005 [YR2005]',0.300000011920929),('THA','SL.UEM.TERT.FE.ZS','2006 [YR2006]',0.200000002980232),('THA','SL.UEM.TERT.FE.ZS','2007 [YR2007]',0),('THA','SL.UEM.TERT.FE.ZS','2008 [YR2008]',32.2000007629395),('THA','SL.UEM.TERT.FE.ZS','2009 [YR2009]',35.0999984741211),('THA','SL.UEM.TERT.FE.ZS','2010 [YR2010]',43.0999984741211),('THA','SL.UEM.TERT.FE.ZS','2011 [YR2011]',42.9000015258789),('THA','SL.UEM.TERT.FE.ZS','2012 [YR2012]',44.2999992370605),('THA','SL.UEM.TERT.FE.ZS','2013 [YR2013]',44.4000015258789),('THA','SL.UEM.TERT.MA.ZS','1998 [YR1998]',15.3999996185303),('THA','SL.UEM.TERT.MA.ZS','1999 [YR1999]',12.1999998092651),('THA','SL.UEM.TERT.MA.ZS','2000 [YR2000]',17.2000007629395),('THA','SL.UEM.TERT.MA.ZS','2003 [YR2003]',0.300000011920929),('THA','SL.UEM.TERT.MA.ZS','2004 [YR2004]',0.400000005960464),('THA','SL.UEM.TERT.MA.ZS','2005 [YR2005]',0),('THA','SL.UEM.TERT.MA.ZS','2006 [YR2006]',0.600000023841858),('THA','SL.UEM.TERT.MA.ZS','2007 [YR2007]',0.200000002980232),('THA','SL.UEM.TERT.MA.ZS','2008 [YR2008]',22.3999996185303),('THA','SL.UEM.TERT.MA.ZS','2009 [YR2009]',22.7999992370605),('THA','SL.UEM.TERT.MA.ZS','2010 [YR2010]',24.8999996185303),('THA','SL.UEM.TERT.MA.ZS','2011 [YR2011]',26.5),('THA','SL.UEM.TERT.MA.ZS','2012 [YR2012]',30),('THA','SL.UEM.TERT.MA.ZS','2013 [YR2013]',20.1000003814697),('TJK','SL.UEM.TERT.FE.ZS','1998 [YR1998]',4.5),('TJK','SL.UEM.TERT.FE.ZS','1999 [YR1999]',13.3000001907349),('TJK','SL.UEM.TERT.FE.ZS','2000 [YR2000]',4.40000009536743),('TJK','SL.UEM.TERT.FE.ZS','2001 [YR2001]',4.80000019073486),('TJK','SL.UEM.TERT.FE.ZS','2002 [YR2002]',5.09999990463257),('TJK','SL.UEM.TERT.FE.ZS','2003 [YR2003]',5.59999990463257),('TJK','SL.UEM.TERT.FE.ZS','2004 [YR2004]',3.70000004768372),('TJK','SL.UEM.TERT.FE.ZS','2005 [YR2005]',3.40000009536743),('TJK','SL.UEM.TERT.FE.ZS','2006 [YR2006]',3.59999990463257),('TJK','SL.UEM.TERT.FE.ZS','2007 [YR2007]',3.90000009536743),('TJK','SL.UEM.TERT.MA.ZS','1998 [YR1998]',7.90000009536743),('TJK','SL.UEM.TERT.MA.ZS','1999 [YR1999]',1.29999995231628),('TJK','SL.UEM.TERT.MA.ZS','2000 [YR2000]',4.40000009536743),('TJK','SL.UEM.TERT.MA.ZS','2001 [YR2001]',4.5),('TJK','SL.UEM.TERT.MA.ZS','2002 [YR2002]',4.80000019073486),('TJK','SL.UEM.TERT.MA.ZS','2003 [YR2003]',5.09999990463257),('TJK','SL.UEM.TERT.MA.ZS','2004 [YR2004]',8.30000019073486),('TJK','SL.UEM.TERT.MA.ZS','2005 [YR2005]',4.5),('TJK','SL.UEM.TERT.MA.ZS','2006 [YR2006]',5.69999980926514),('TJK','SL.UEM.TERT.MA.ZS','2007 [YR2007]',5.59999990463257),('TMP','SL.UEM.TERT.FE.ZS','2010 [YR2010]',1.29999995231628),('TMP','SL.UEM.TERT.MA.ZS','2010 [YR2010]',12.8999996185303),('TON','SL.UEM.TERT.FE.ZS','2003 [YR2003]',1.5),('TON','SL.UEM.TERT.MA.ZS','2003 [YR2003]',0),('TTO','SL.UEM.TERT.FE.ZS','1998 [YR1998]',0.699999988079071),('TTO','SL.UEM.TERT.FE.ZS','1999 [YR1999]',0.800000011920929),('TTO','SL.UEM.TERT.FE.ZS','2000 [YR2000]',1.5),('TTO','SL.UEM.TERT.FE.ZS','2001 [YR2001]',1.89999997615814),('TTO','SL.UEM.TERT.FE.ZS','2002 [YR2002]',2.09999990463257),('TTO','SL.UEM.TERT.FE.ZS','2006 [YR2006]',3.09999990463257),('TTO','SL.UEM.TERT.FE.ZS','2007 [YR2007]',5.5),('TTO','SL.UEM.TERT.FE.ZS','2008 [YR2008]',5.59999990463257),('TTO','SL.UEM.TERT.MA.ZS','1998 [YR1998]',0.5),('TTO','SL.UEM.TERT.MA.ZS','1999 [YR1999]',0.800000011920929),('TTO','SL.UEM.TERT.MA.ZS','2000 [YR2000]',0.800000011920929),('TTO','SL.UEM.TERT.MA.ZS','2001 [YR2001]',0.699999988079071),('TTO','SL.UEM.TERT.MA.ZS','2002 [YR2002]',1.39999997615814),('TTO','SL.UEM.TERT.MA.ZS','2006 [YR2006]',3),('TTO','SL.UEM.TERT.MA.ZS','2007 [YR2007]',2.09999990463257),('TTO','SL.UEM.TERT.MA.ZS','2008 [YR2008]',4.69999980926514),('TUN','SL.UEM.TERT.FE.ZS','1999 [YR1999]',7.30000019073486),('TUN','SL.UEM.TERT.FE.ZS','2000 [YR2000]',10.8000001907349),('TUN','SL.UEM.TERT.FE.ZS','2001 [YR2001]',11),('TUN','SL.UEM.TERT.FE.ZS','2002 [YR2002]',12.3000001907349),('TUN','SL.UEM.TERT.FE.ZS','2003 [YR2003]',13.6999998092651),('TUN','SL.UEM.TERT.FE.ZS','2004 [YR2004]',14.1999998092651),('TUN','SL.UEM.TERT.FE.ZS','2005 [YR2005]',23.2999992370605),('TUN','SL.UEM.TERT.MA.ZS','1999 [YR1999]',3.40000009536743),('TUN','SL.UEM.TERT.MA.ZS','2000 [YR2000]',5.09999990463257),('TUN','SL.UEM.TERT.MA.ZS','2001 [YR2001]',5.19999980926514),('TUN','SL.UEM.TERT.MA.ZS','2002 [YR2002]',6.30000019073486),('TUN','SL.UEM.TERT.MA.ZS','2003 [YR2003]',7.09999990463257),('TUN','SL.UEM.TERT.MA.ZS','2004 [YR2004]',6),('TUN','SL.UEM.TERT.MA.ZS','2005 [YR2005]',9),('TUR','SL.UEM.TERT.FE.ZS','1998 [YR1998]',14.3999996185303),('TUR','SL.UEM.TERT.FE.ZS','1999 [YR1999]',13.3000001907349),('TUR','SL.UEM.TERT.FE.ZS','2000 [YR2000]',16.2999992370605),('TUR','SL.UEM.TERT.FE.ZS','2001 [YR2001]',14.6999998092651),('TUR','SL.UEM.TERT.FE.ZS','2002 [YR2002]',19),('TUR','SL.UEM.TERT.FE.ZS','2003 [YR2003]',20.7000007629395),('TUR','SL.UEM.TERT.FE.ZS','2004 [YR2004]',23.2000007629395),('TUR','SL.UEM.TERT.FE.ZS','2005 [YR2005]',20.7000007629395),('TUR','SL.UEM.TERT.FE.ZS','2006 [YR2006]',20.8999996185303),('TUR','SL.UEM.TERT.FE.ZS','2007 [YR2007]',24.6000003814697),('TUR','SL.UEM.TERT.FE.ZS','2008 [YR2008]',25.3999996185303),('TUR','SL.UEM.TERT.FE.ZS','2009 [YR2009]',23.7999992370605),('TUR','SL.UEM.TERT.FE.ZS','2010 [YR2010]',25.2999992370605),('TUR','SL.UEM.TERT.FE.ZS','2011 [YR2011]',28.5),('TUR','SL.UEM.TERT.FE.ZS','2012 [YR2012]',31.8999996185303),('TUR','SL.UEM.TERT.FE.ZS','2013 [YR2013]',30.2000007629395),('TUR','SL.UEM.TERT.FE.ZS','2014 [YR2014]',32.0999984741211),('TUR','SL.UEM.TERT.MA.ZS','1998 [YR1998]',7.5),('TUR','SL.UEM.TERT.MA.ZS','1999 [YR1999]',6.59999990463257),('TUR','SL.UEM.TERT.MA.ZS','2000 [YR2000]',7.19999980926514),('TUR','SL.UEM.TERT.MA.ZS','2001 [YR2001]',6.30000019073486),('TUR','SL.UEM.TERT.MA.ZS','2002 [YR2002]',7.90000009536743),('TUR','SL.UEM.TERT.MA.ZS','2003 [YR2003]',8.39999961853027),('TUR','SL.UEM.TERT.MA.ZS','2004 [YR2004]',9.19999980926514),('TUR','SL.UEM.TERT.MA.ZS','2005 [YR2005]',8.10000038146973),('TUR','SL.UEM.TERT.MA.ZS','2006 [YR2006]',9),('TUR','SL.UEM.TERT.MA.ZS','2007 [YR2007]',9.10000038146973),('TUR','SL.UEM.TERT.MA.ZS','2008 [YR2008]',9.60000038146973),('TUR','SL.UEM.TERT.MA.ZS','2009 [YR2009]',9.10000038146973),('TUR','SL.UEM.TERT.MA.ZS','2010 [YR2010]',9.80000019073486),('TUR','SL.UEM.TERT.MA.ZS','2011 [YR2011]',12.3999996185303),('TUR','SL.UEM.TERT.MA.ZS','2012 [YR2012]',13.8000001907349),('TUR','SL.UEM.TERT.MA.ZS','2013 [YR2013]',14.3000001907349),('TUR','SL.UEM.TERT.MA.ZS','2014 [YR2014]',14.6000003814697),('TZA','SL.UEM.TERT.FE.ZS','2011 [YR2011]',0.5),('TZA','SL.UEM.TERT.FE.ZS','2013 [YR2013]',2.20000004768372),('TZA','SL.UEM.TERT.MA.ZS','2011 [YR2011]',2),('TZA','SL.UEM.TERT.MA.ZS','2013 [YR2013]',3.59999990463257),('UKR','SL.UEM.TERT.FE.ZS','1998 [YR1998]',64),('UKR','SL.UEM.TERT.FE.ZS','1999 [YR1999]',39.2999992370605),('UKR','SL.UEM.TERT.FE.ZS','2000 [YR2000]',40.7999992370605),('UKR','SL.UEM.TERT.FE.ZS','2001 [YR2001]',39.9000015258789),('UKR','SL.UEM.TERT.FE.ZS','2002 [YR2002]',40.2000007629395),('UKR','SL.UEM.TERT.FE.ZS','2003 [YR2003]',40.2000007629395),('UKR','SL.UEM.TERT.FE.ZS','2004 [YR2004]',36.4000015258789),('UKR','SL.UEM.TERT.FE.ZS','2005 [YR2005]',42.7000007629395),('UKR','SL.UEM.TERT.FE.ZS','2006 [YR2006]',44),('UKR','SL.UEM.TERT.FE.ZS','2007 [YR2007]',46.2000007629395),('UKR','SL.UEM.TERT.FE.ZS','2008 [YR2008]',47.5),('UKR','SL.UEM.TERT.FE.ZS','2009 [YR2009]',51.7000007629395),('UKR','SL.UEM.TERT.FE.ZS','2010 [YR2010]',53.5),('UKR','SL.UEM.TERT.FE.ZS','2011 [YR2011]',53.2999992370605),('UKR','SL.UEM.TERT.FE.ZS','2012 [YR2012]',54),('UKR','SL.UEM.TERT.FE.ZS','2013 [YR2013]',58.9000015258789),('UKR','SL.UEM.TERT.MA.ZS','1998 [YR1998]',59.5999984741211),('UKR','SL.UEM.TERT.MA.ZS','1999 [YR1999]',26.2999992370605),('UKR','SL.UEM.TERT.MA.ZS','2000 [YR2000]',26.2000007629395),('UKR','SL.UEM.TERT.MA.ZS','2001 [YR2001]',25.7000007629395),('UKR','SL.UEM.TERT.MA.ZS','2002 [YR2002]',25.7999992370605),('UKR','SL.UEM.TERT.MA.ZS','2003 [YR2003]',26.7000007629395),('UKR','SL.UEM.TERT.MA.ZS','2004 [YR2004]',28.3999996185303),('UKR','SL.UEM.TERT.MA.ZS','2005 [YR2005]',30),('UKR','SL.UEM.TERT.MA.ZS','2006 [YR2006]',34),('UKR','SL.UEM.TERT.MA.ZS','2007 [YR2007]',33.5),('UKR','SL.UEM.TERT.MA.ZS','2008 [YR2008]',33.0999984741211),('UKR','SL.UEM.TERT.MA.ZS','2009 [YR2009]',34.2999992370605),('UKR','SL.UEM.TERT.MA.ZS','2010 [YR2010]',35.0999984741211),('UKR','SL.UEM.TERT.MA.ZS','2011 [YR2011]',36.7999992370605),('UKR','SL.UEM.TERT.MA.ZS','2012 [YR2012]',38.4000015258789),('UKR','SL.UEM.TERT.MA.ZS','2013 [YR2013]',38.7000007629395),('URY','SL.UEM.TERT.FE.ZS','2001 [YR2001]',27.1000003814697),('URY','SL.UEM.TERT.FE.ZS','2002 [YR2002]',16.3999996185303),('URY','SL.UEM.TERT.FE.ZS','2006 [YR2006]',16.6000003814697),('URY','SL.UEM.TERT.FE.ZS','2007 [YR2007]',14.6000003814697),('URY','SL.UEM.TERT.FE.ZS','2008 [YR2008]',11.8999996185303),('URY','SL.UEM.TERT.FE.ZS','2009 [YR2009]',10.6999998092651),('URY','SL.UEM.TERT.FE.ZS','2010 [YR2010]',10.6000003814697),('URY','SL.UEM.TERT.FE.ZS','2011 [YR2011]',14.3000001907349),('URY','SL.UEM.TERT.FE.ZS','2012 [YR2012]',19.2000007629395),('URY','SL.UEM.TERT.FE.ZS','2013 [YR2013]',16.8999996185303),('URY','SL.UEM.TERT.MA.ZS','2001 [YR2001]',28.6000003814697),('URY','SL.UEM.TERT.MA.ZS','2002 [YR2002]',10.8000001907349),('URY','SL.UEM.TERT.MA.ZS','2006 [YR2006]',12.1000003814697),('URY','SL.UEM.TERT.MA.ZS','2007 [YR2007]',12.8000001907349),('URY','SL.UEM.TERT.MA.ZS','2008 [YR2008]',11.3000001907349),('URY','SL.UEM.TERT.MA.ZS','2009 [YR2009]',14.5),('URY','SL.UEM.TERT.MA.ZS','2010 [YR2010]',13.1999998092651),('URY','SL.UEM.TERT.MA.ZS','2011 [YR2011]',16.5),('URY','SL.UEM.TERT.MA.ZS','2012 [YR2012]',14.1999998092651),('URY','SL.UEM.TERT.MA.ZS','2013 [YR2013]',15.1999998092651),('USA','SL.UEM.TERT.FE.ZS','1998 [YR1998]',41.2999992370605),('USA','SL.UEM.TERT.FE.ZS','1999 [YR1999]',42.5),('USA','SL.UEM.TERT.FE.ZS','2000 [YR2000]',43.5),('USA','SL.UEM.TERT.FE.ZS','2001 [YR2001]',45.7999992370605),('USA','SL.UEM.TERT.FE.ZS','2002 [YR2002]',47.7999992370605),('USA','SL.UEM.TERT.FE.ZS','2003 [YR2003]',48.5),('USA','SL.UEM.TERT.FE.ZS','2004 [YR2004]',48.5999984741211),('USA','SL.UEM.TERT.FE.ZS','2005 [YR2005]',47.9000015258789),('USA','SL.UEM.TERT.FE.ZS','2006 [YR2006]',50.2000007629395),('USA','SL.UEM.TERT.FE.ZS','2007 [YR2007]',50.2000007629395),('USA','SL.UEM.TERT.FE.ZS','2008 [YR2008]',51.9000015258789),('USA','SL.UEM.TERT.MA.ZS','1998 [YR1998]',37.5999984741211),('USA','SL.UEM.TERT.MA.ZS','1999 [YR1999]',41.9000015258789),('USA','SL.UEM.TERT.MA.ZS','2000 [YR2000]',40.4000015258789),('USA','SL.UEM.TERT.MA.ZS','2001 [YR2001]',43),('USA','SL.UEM.TERT.MA.ZS','2002 [YR2002]',45.2000007629395),('USA','SL.UEM.TERT.MA.ZS','2003 [YR2003]',46.2999992370605),('USA','SL.UEM.TERT.MA.ZS','2004 [YR2004]',44.5999984741211),('USA','SL.UEM.TERT.MA.ZS','2005 [YR2005]',43.2000007629395),('USA','SL.UEM.TERT.MA.ZS','2006 [YR2006]',41.7999992370605),('USA','SL.UEM.TERT.MA.ZS','2007 [YR2007]',42),('USA','SL.UEM.TERT.MA.ZS','2008 [YR2008]',42.2000007629395),('VEN','SL.UEM.TERT.FE.ZS','1998 [YR1998]',20.6000003814697),('VEN','SL.UEM.TERT.FE.ZS','1999 [YR1999]',20.2000007629395),('VEN','SL.UEM.TERT.FE.ZS','2007 [YR2007]',33.5),('VEN','SL.UEM.TERT.FE.ZS','2008 [YR2008]',35.9000015258789),('VEN','SL.UEM.TERT.FE.ZS','2009 [YR2009]',26.7000007629395),('VEN','SL.UEM.TERT.FE.ZS','2010 [YR2010]',28.7000007629395),('VEN','SL.UEM.TERT.FE.ZS','2011 [YR2011]',33.5999984741211),('VEN','SL.UEM.TERT.FE.ZS','2012 [YR2012]',50.4000015258789),('VEN','SL.UEM.TERT.MA.ZS','1998 [YR1998]',8.5),('VEN','SL.UEM.TERT.MA.ZS','1999 [YR1999]',10.5),('VEN','SL.UEM.TERT.MA.ZS','2007 [YR2007]',16.1000003814697),('VEN','SL.UEM.TERT.MA.ZS','2008 [YR2008]',16.8999996185303),('VEN','SL.UEM.TERT.MA.ZS','2009 [YR2009]',28.2000007629395),('VEN','SL.UEM.TERT.MA.ZS','2010 [YR2010]',30.6000003814697),('VEN','SL.UEM.TERT.MA.ZS','2011 [YR2011]',32.9000015258789),('VEN','SL.UEM.TERT.MA.ZS','2012 [YR2012]',23.3999996185303),('WBG','SL.UEM.TERT.FE.ZS','1998 [YR1998]',61.7000007629395),('WBG','SL.UEM.TERT.FE.ZS','1999 [YR1999]',71.6999969482422),('WBG','SL.UEM.TERT.FE.ZS','2000 [YR2000]',74.0999984741211),('WBG','SL.UEM.TERT.FE.ZS','2001 [YR2001]',78.3000030517578),('WBG','SL.UEM.TERT.FE.ZS','2002 [YR2002]',64),('WBG','SL.UEM.TERT.FE.ZS','2003 [YR2003]',71.4000015258789),('WBG','SL.UEM.TERT.FE.ZS','2004 [YR2004]',76.5),('WBG','SL.UEM.TERT.FE.ZS','2005 [YR2005]',75.5),('WBG','SL.UEM.TERT.FE.ZS','2006 [YR2006]',75.0999984741211),('WBG','SL.UEM.TERT.FE.ZS','2007 [YR2007]',81.5),('WBG','SL.UEM.TERT.FE.ZS','2008 [YR2008]',82.4000015258789),('WBG','SL.UEM.TERT.FE.ZS','2009 [YR2009]',86.0999984741211),('WBG','SL.UEM.TERT.FE.ZS','2010 [YR2010]',87.3000030517578),('WBG','SL.UEM.TERT.FE.ZS','2011 [YR2011]',87.5),('WBG','SL.UEM.TERT.FE.ZS','2012 [YR2012]',88.5999984741211),('WBG','SL.UEM.TERT.FE.ZS','2013 [YR2013]',91.4000015258789),('WBG','SL.UEM.TERT.MA.ZS','1998 [YR1998]',12),('WBG','SL.UEM.TERT.MA.ZS','1999 [YR1999]',13),('WBG','SL.UEM.TERT.MA.ZS','2000 [YR2000]',11.1000003814697),('WBG','SL.UEM.TERT.MA.ZS','2001 [YR2001]',8.80000019073486),('WBG','SL.UEM.TERT.MA.ZS','2002 [YR2002]',9.10000038146973),('WBG','SL.UEM.TERT.MA.ZS','2003 [YR2003]',10.6999998092651),('WBG','SL.UEM.TERT.MA.ZS','2004 [YR2004]',10.8000001907349),('WBG','SL.UEM.TERT.MA.ZS','2005 [YR2005]',12.6000003814697),('WBG','SL.UEM.TERT.MA.ZS','2006 [YR2006]',11.8000001907349),('WBG','SL.UEM.TERT.MA.ZS','2007 [YR2007]',12.1000003814697),('WBG','SL.UEM.TERT.MA.ZS','2008 [YR2008]',12.8999996185303),('WBG','SL.UEM.TERT.MA.ZS','2009 [YR2009]',13.6999998092651),('WBG','SL.UEM.TERT.MA.ZS','2010 [YR2010]',13.8000001907349),('WBG','SL.UEM.TERT.MA.ZS','2011 [YR2011]',15.8999996185303),('WBG','SL.UEM.TERT.MA.ZS','2012 [YR2012]',16.7000007629395),('WBG','SL.UEM.TERT.MA.ZS','2013 [YR2013]',16.7999992370605),('ZAF','SL.UEM.TERT.FE.ZS','1998 [YR1998]',4.80000019073486),('ZAF','SL.UEM.TERT.FE.ZS','1999 [YR1999]',4),('ZAF','SL.UEM.TERT.FE.ZS','2000 [YR2000]',6.19999980926514),('ZAF','SL.UEM.TERT.FE.ZS','2001 [YR2001]',6.30000019073486),('ZAF','SL.UEM.TERT.FE.ZS','2002 [YR2002]',5.69999980926514),('ZAF','SL.UEM.TERT.FE.ZS','2003 [YR2003]',5.69999980926514),('ZAF','SL.UEM.TERT.FE.ZS','2004 [YR2004]',4.19999980926514),('ZAF','SL.UEM.TERT.FE.ZS','2005 [YR2005]',4.59999990463257),('ZAF','SL.UEM.TERT.FE.ZS','2006 [YR2006]',4.80000019073486),('ZAF','SL.UEM.TERT.FE.ZS','2007 [YR2007]',5),('ZAF','SL.UEM.TERT.FE.ZS','2008 [YR2008]',0.699999988079071),('ZAF','SL.UEM.TERT.FE.ZS','2012 [YR2012]',7.09999990463257),('ZAF','SL.UEM.TERT.FE.ZS','2013 [YR2013]',8.19999980926514),('ZAF','SL.UEM.TERT.MA.ZS','1998 [YR1998]',3.5),('ZAF','SL.UEM.TERT.MA.ZS','1999 [YR1999]',3.90000009536743),('ZAF','SL.UEM.TERT.MA.ZS','2000 [YR2000]',4.90000009536743),('ZAF','SL.UEM.TERT.MA.ZS','2001 [YR2001]',4.19999980926514),('ZAF','SL.UEM.TERT.MA.ZS','2002 [YR2002]',4.30000019073486),('ZAF','SL.UEM.TERT.MA.ZS','2003 [YR2003]',4),('ZAF','SL.UEM.TERT.MA.ZS','2004 [YR2004]',3.29999995231628),('ZAF','SL.UEM.TERT.MA.ZS','2005 [YR2005]',3.5),('ZAF','SL.UEM.TERT.MA.ZS','2006 [YR2006]',4.09999990463257),('ZAF','SL.UEM.TERT.MA.ZS','2007 [YR2007]',4),('ZAF','SL.UEM.TERT.MA.ZS','2008 [YR2008]',0.899999976158142),('ZAF','SL.UEM.TERT.MA.ZS','2012 [YR2012]',5.19999980926514),('ZAF','SL.UEM.TERT.MA.ZS','2013 [YR2013]',5.5),('ZWE','SL.UEM.TERT.FE.ZS','1999 [YR1999]',1.20000004768372),('ZWE','SL.UEM.TERT.FE.ZS','2004 [YR2004]',0.100000001490116),('ZWE','SL.UEM.TERT.FE.ZS','2011 [YR2011]',1),('ZWE','SL.UEM.TERT.MA.ZS','1999 [YR1999]',0.600000023841858),('ZWE','SL.UEM.TERT.MA.ZS','2004 [YR2004]',0.699999988079071),('ZWE','SL.UEM.TERT.MA.ZS','2011 [YR2011]',3.29999995231628);
/*!40000 ALTER TABLE `data_by_year` ENABLE KEYS */;
UNLOCK TABLES;

--
-- Table structure for table `series`
--

DROP TABLE IF EXISTS `series`;
/*!40101 SET @saved_cs_client     = @@character_set_client */;
/*!40101 SET character_set_client = utf8 */;
CREATE TABLE `series` (
  `SeriesCode` varchar(25) NOT NULL,
  `SeriesName` varchar(255) DEFAULT NULL
) ENGINE=InnoDB DEFAULT CHARSET=utf8;
/*!40101 SET character_set_client = @saved_cs_client */;

--
-- Dumping data for table `series`
--

LOCK TABLES `series` WRITE;
/*!40000 ALTER TABLE `series` DISABLE KEYS */;
INSERT INTO `series` VALUES ('SL.UEM.TERT.FE.ZS','Unemployment with tertiary education, female (% of female unemployment)'),('SL.UEM.TERT.MA.ZS','Unemployment with tertiary education, male (% of male unemployment)');
/*!40000 ALTER TABLE `series` ENABLE KEYS */;
UNLOCK TABLES;

--
-- Table structure for table `series_category`
--

DROP TABLE IF EXISTS `series_category`;
/*!40101 SET @saved_cs_client     = @@character_set_client */;
/*!40101 SET character_set_client = utf8 */;
CREATE TABLE `series_category` (
  `SeriesCode` varchar(25) NOT NULL,
  `SeriesCategoty` varchar(25) DEFAULT NULL
) ENGINE=InnoDB DEFAULT CHARSET=utf8;
/*!40101 SET character_set_client = @saved_cs_client */;

--
-- Dumping data for table `series_category`
--

LOCK TABLES `series_category` WRITE;
/*!40000 ALTER TABLE `series_category` DISABLE KEYS */;
INSERT INTO `series_category` VALUES ('SL.UEM.TERT.FE.ZS','Employment'),('SL.UEM.TERT.MA.ZS','Employment');
/*!40000 ALTER TABLE `series_category` ENABLE KEYS */;
UNLOCK TABLES;
/*!40103 SET TIME_ZONE=@OLD_TIME_ZONE */;

/*!40101 SET SQL_MODE=@OLD_SQL_MODE */;
/*!40014 SET FOREIGN_KEY_CHECKS=@OLD_FOREIGN_KEY_CHECKS */;
/*!40014 SET UNIQUE_CHECKS=@OLD_UNIQUE_CHECKS */;
/*!40101 SET CHARACTER_SET_CLIENT=@OLD_CHARACTER_SET_CLIENT */;
/*!40101 SET CHARACTER_SET_RESULTS=@OLD_CHARACTER_SET_RESULTS */;
/*!40101 SET COLLATION_CONNECTION=@OLD_COLLATION_CONNECTION */;
/*!40111 SET SQL_NOTES=@OLD_SQL_NOTES */;

-- Dump completed on 2017-12-11  3:52:05
