CREATE DATABASE  IF NOT EXISTS `wdi_asia_africa` /*!40100 DEFAULT CHARACTER SET utf8 */;
USE `wdi_asia_africa`;
-- MySQL dump 10.13  Distrib 5.7.17, for Win64 (x86_64)
--
-- Host: 127.0.0.1    Database: wdi_asia_africa
-- ------------------------------------------------------
-- Server version	5.7.17-log

/*!40101 SET @OLD_CHARACTER_SET_CLIENT=@@CHARACTER_SET_CLIENT */;
/*!40101 SET @OLD_CHARACTER_SET_RESULTS=@@CHARACTER_SET_RESULTS */;
/*!40101 SET @OLD_COLLATION_CONNECTION=@@COLLATION_CONNECTION */;
/*!40101 SET NAMES utf8 */;
/*!40103 SET @OLD_TIME_ZONE=@@TIME_ZONE */;
/*!40103 SET TIME_ZONE='+00:00' */;
/*!40014 SET @OLD_UNIQUE_CHECKS=@@UNIQUE_CHECKS, UNIQUE_CHECKS=0 */;
/*!40014 SET @OLD_FOREIGN_KEY_CHECKS=@@FOREIGN_KEY_CHECKS, FOREIGN_KEY_CHECKS=0 */;
/*!40101 SET @OLD_SQL_MODE=@@SQL_MODE, SQL_MODE='NO_AUTO_VALUE_ON_ZERO' */;
/*!40111 SET @OLD_SQL_NOTES=@@SQL_NOTES, SQL_NOTES=0 */;

--
-- Table structure for table `country`
--

DROP TABLE IF EXISTS `country`;
/*!40101 SET @saved_cs_client     = @@character_set_client */;
/*!40101 SET character_set_client = utf8 */;
CREATE TABLE `country` (
  `CountryCode` varchar(5) NOT NULL,
  `CountryName` varchar(35) NOT NULL
) ENGINE=InnoDB DEFAULT CHARSET=utf8;
/*!40101 SET character_set_client = @saved_cs_client */;

--
-- Dumping data for table `country`
--

LOCK TABLES `country` WRITE;
/*!40000 ALTER TABLE `country` DISABLE KEYS */;
INSERT INTO `country` VALUES ('AFG','Afghanistan'),('DZA','Algeria'),('ASM','American Samoa'),('AGO','Angola'),('AUS','Australia'),('BHR','Bahrain'),('BGD','Bangladesh'),('BEN','Benin'),('BTN','Bhutan'),('BWA','Botswana'),('BRN','Brunei Darussalam'),('BFA','Burkina Faso'),('BDI','Burundi'),('CPV','Cabo Verde'),('KHM','Cambodia'),('CMR','Cameroon'),('CAF','Central African Republic'),('TCD','Chad'),('CHN','China'),('COM','Comoros'),('ZAR','Congo, Dem. Rep.'),('COG','Congo, Rep.'),('CIV','Cote d\'Ivoire'),('DJI','Djibouti'),('EGY','Egypt, Arab Rep.'),('GNQ','Equatorial Guinea'),('ERI','Eritrea'),('ETH','Ethiopia'),('FJI','Fiji'),('PYF','French Polynesia'),('GAB','Gabon'),('GMB','Gambia, The'),('GHA','Ghana'),('GUM','Guam'),('GIN','Guinea'),('GNB','Guinea-Bissau'),('HKG','Hong Kong SAR, China'),('IND','India'),('IDN','Indonesia'),('IRN','Iran, Islamic Rep.'),('IRQ','Iraq'),('ISR','Israel'),('JPN','Japan'),('JOR','Jordan'),('KEN','Kenya'),('KIR','Kiribati'),('PRK','Korea, Dem. People’s Rep.'),('KOR','Korea, Rep.'),('KWT','Kuwait'),('LAO','Lao PDR'),('LBN','Lebanon'),('LSO','Lesotho'),('LBR','Liberia'),('LBY','Libya'),('MAC','Macao SAR, China'),('MDG','Madagascar'),('MWI','Malawi'),('MYS','Malaysia'),('MDV','Maldives'),('MLI','Mali'),('MLT','Malta'),('MHL','Marshall Islands'),('MRT','Mauritania'),('MUS','Mauritius'),('FSM','Micronesia, Fed. Sts.'),('MNG','Mongolia'),('MAR','Morocco'),('MOZ','Mozambique'),('MMR','Myanmar'),('NAM','Namibia'),('NRU','Nauru'),('NPL','Nepal'),('NCL','New Caledonia'),('NZL','New Zealand'),('NER','Niger'),('NGA','Nigeria'),('MNP','Northern Mariana Islands'),('OMN','Oman'),('PAK','Pakistan'),('PLW','Palau'),('PNG','Papua New Guinea'),('PHL','Philippines'),('QAT','Qatar'),('RWA','Rwanda'),('WSM','Samoa'),('STP','Sao Tome and Principe'),('SAU','Saudi Arabia'),('SEN','Senegal'),('SYC','Seychelles'),('SLE','Sierra Leone'),('SGP','Singapore'),('SLB','Solomon Islands'),('SOM','Somalia'),('ZAF','South Africa'),('SSD','South Sudan'),('LKA','Sri Lanka'),('SDN','Sudan'),('SWZ','Swaziland'),('SYR','Syrian Arab Republic'),('TZA','Tanzania'),('THA','Thailand'),('TMP','Timor-Leste'),('TGO','Togo'),('TON','Tonga'),('TUN','Tunisia'),('TUV','Tuvalu'),('UGA','Uganda'),('ARE','United Arab Emirates'),('VUT','Vanuatu'),('VNM','Vietnam'),('WBG','West Bank and Gaza'),('YEM','Yemen, Rep.'),('ZMB','Zambia'),('ZWE','Zimbabwe');
/*!40000 ALTER TABLE `country` ENABLE KEYS */;
UNLOCK TABLES;

--
-- Table structure for table `country_income`
--

DROP TABLE IF EXISTS `country_income`;
/*!40101 SET @saved_cs_client     = @@character_set_client */;
/*!40101 SET character_set_client = utf8 */;
CREATE TABLE `country_income` (
  `CountryCode` varchar(5) NOT NULL,
  `Income` varchar(25) DEFAULT NULL
) ENGINE=InnoDB DEFAULT CHARSET=utf8;
/*!40101 SET character_set_client = @saved_cs_client */;

--
-- Dumping data for table `country_income`
--

LOCK TABLES `country_income` WRITE;
/*!40000 ALTER TABLE `country_income` DISABLE KEYS */;
INSERT INTO `country_income` VALUES ('AFG','Low income'),('AGO','Upper middle income'),('ARE','High income'),('ASM','Upper middle income'),('AUS','High income'),('BDI','Low income'),('BEN','Low income'),('BFA','Low income'),('BGD','Lower middle income'),('BHR','High income'),('BRN','High income'),('BTN','Lower middle income'),('BWA','Upper middle income'),('CAF','Low income'),('CHN','Upper middle income'),('CIV','Lower middle income'),('CMR','Lower middle income'),('COG','Lower middle income'),('COM','Low income'),('CPV','Lower middle income'),('DJI','Lower middle income'),('DZA','Upper middle income'),('EGY','Lower middle income'),('ERI','Low income'),('ETH','Low income'),('FJI','Upper middle income'),('FSM','Lower middle income'),('GAB','Upper middle income'),('GHA','Lower middle income'),('GIN','Low income'),('GMB','Low income'),('GNB','Low income'),('GNQ','Upper middle income'),('GUM','High income'),('HKG','High income'),('IDN','Lower middle income'),('IND','Lower middle income'),('IRN','Upper middle income'),('IRQ','Upper middle income'),('ISR','High income'),('JOR','Upper middle income'),('JPN','High income'),('KEN','Lower middle income'),('KHM','Lower middle income'),('KIR','Lower middle income'),('KOR','High income'),('KWT','High income'),('LAO','Lower middle income'),('LBN','Upper middle income'),('LBR','Low income'),('LBY','Upper middle income'),('LKA','Lower middle income'),('LSO','Lower middle income'),('MAC','High income'),('MAR','Lower middle income'),('MDG','Low income'),('MDV','Upper middle income'),('MHL','Upper middle income'),('MLI','Low income'),('MLT','High income'),('MMR','Lower middle income'),('MNG','Lower middle income'),('MNP','High income'),('MOZ','Low income'),('MRT','Lower middle income'),('MUS','Upper middle income'),('MWI','Low income'),('MYS','Upper middle income'),('NAM','Upper middle income'),('NCL','High income'),('NER','Low income'),('NGA','Lower middle income'),('NPL','Low income'),('NRU','High income'),('NZL','High income'),('OMN','High income'),('PAK','Lower middle income'),('PHL','Lower middle income'),('PLW','Upper middle income'),('PNG','Lower middle income'),('PRK','Low income'),('PYF','High income'),('QAT','High income'),('RWA','Low income'),('SAU','High income'),('SDN','Lower middle income'),('SEN','Low income'),('SGP','High income'),('SLB','Lower middle income'),('SLE','Low income'),('SOM','Low income'),('SSD','Low income'),('STP','Lower middle income'),('SWZ','Lower middle income'),('SYC','High income'),('SYR','Lower middle income'),('TCD','Low income'),('TGO','Low income'),('THA','Upper middle income'),('TMP','Lower middle income'),('TON','Lower middle income'),('TUN','Lower middle income'),('TUV','Upper middle income'),('TZA','Low income'),('UGA','Low income'),('VNM','Lower middle income'),('VUT','Lower middle income'),('WBG','Lower middle income'),('WSM','Lower middle income'),('YEM','Lower middle income'),('ZAF','Upper middle income'),('ZAR','Low income'),('ZMB','Lower middle income'),('ZWE','Low income');
/*!40000 ALTER TABLE `country_income` ENABLE KEYS */;
UNLOCK TABLES;

--
-- Table structure for table `country_region`
--

DROP TABLE IF EXISTS `country_region`;
/*!40101 SET @saved_cs_client     = @@character_set_client */;
/*!40101 SET character_set_client = utf8 */;
CREATE TABLE `country_region` (
  `CountryCode` varchar(5) NOT NULL,
  `Region` varchar(45) DEFAULT NULL
) ENGINE=InnoDB DEFAULT CHARSET=utf8;
/*!40101 SET character_set_client = @saved_cs_client */;

--
-- Dumping data for table `country_region`
--

LOCK TABLES `country_region` WRITE;
/*!40000 ALTER TABLE `country_region` DISABLE KEYS */;
INSERT INTO `country_region` VALUES ('AFG','South Asia'),('AGO','Sub-Saharan Africa'),('ARE','Middle East & North Africa'),('ASM','East Asia & Pacific'),('AUS','East Asia & Pacific'),('BDI','Sub-Saharan Africa'),('BEN','Sub-Saharan Africa'),('BFA','Sub-Saharan Africa'),('BGD','South Asia'),('BHR','Middle East & North Africa'),('BRN','East Asia & Pacific'),('BTN','South Asia'),('BWA','Sub-Saharan Africa'),('CAF','Sub-Saharan Africa'),('CHN','East Asia & Pacific'),('CIV','Sub-Saharan Africa'),('CMR','Sub-Saharan Africa'),('COG','Sub-Saharan Africa'),('COM','Sub-Saharan Africa'),('CPV','Sub-Saharan Africa'),('DJI','Middle East & North Africa'),('DZA','Middle East & North Africa'),('EGY','Middle East & North Africa'),('ERI','Sub-Saharan Africa'),('ETH','Sub-Saharan Africa'),('FJI','East Asia & Pacific'),('FSM','East Asia & Pacific'),('GAB','Sub-Saharan Africa'),('GHA','Sub-Saharan Africa'),('GIN','Sub-Saharan Africa'),('GMB','Sub-Saharan Africa'),('GNB','Sub-Saharan Africa'),('GNQ','Sub-Saharan Africa'),('GUM','East Asia & Pacific'),('HKG','East Asia & Pacific'),('IDN','East Asia & Pacific'),('IND','South Asia'),('IRN','Middle East & North Africa'),('IRQ','Middle East & North Africa'),('ISR','Middle East & North Africa'),('JOR','Middle East & North Africa'),('JPN','East Asia & Pacific'),('KEN','Sub-Saharan Africa'),('KHM','East Asia & Pacific'),('KIR','East Asia & Pacific'),('KOR','East Asia & Pacific'),('KWT','Middle East & North Africa'),('LAO','East Asia & Pacific'),('LBN','Middle East & North Africa'),('LBR','Sub-Saharan Africa'),('LBY','Middle East & North Africa'),('LKA','South Asia'),('LSO','Sub-Saharan Africa'),('MAC','East Asia & Pacific'),('MAR','Middle East & North Africa'),('MDG','Sub-Saharan Africa'),('MDV','South Asia'),('MHL','East Asia & Pacific'),('MLI','Sub-Saharan Africa'),('MLT','Middle East & North Africa'),('MMR','East Asia & Pacific'),('MNG','East Asia & Pacific'),('MNP','East Asia & Pacific'),('MOZ','Sub-Saharan Africa'),('MRT','Sub-Saharan Africa'),('MUS','Sub-Saharan Africa'),('MWI','Sub-Saharan Africa'),('MYS','East Asia & Pacific'),('NAM','Sub-Saharan Africa'),('NCL','East Asia & Pacific'),('NER','Sub-Saharan Africa'),('NGA','Sub-Saharan Africa'),('NPL','South Asia'),('NRU','East Asia & Pacific'),('NZL','East Asia & Pacific'),('OMN','Middle East & North Africa'),('PAK','South Asia'),('PHL','East Asia & Pacific'),('PLW','East Asia & Pacific'),('PNG','East Asia & Pacific'),('PRK','East Asia & Pacific'),('PYF','East Asia & Pacific'),('QAT','Middle East & North Africa'),('RWA','Sub-Saharan Africa'),('SAU','Middle East & North Africa'),('SDN','Sub-Saharan Africa'),('SEN','Sub-Saharan Africa'),('SGP','East Asia & Pacific'),('SLB','East Asia & Pacific'),('SLE','Sub-Saharan Africa'),('SOM','Sub-Saharan Africa'),('SSD','Sub-Saharan Africa'),('STP','Sub-Saharan Africa'),('SWZ','Sub-Saharan Africa'),('SYC','Sub-Saharan Africa'),('SYR','Middle East & North Africa'),('TCD','Sub-Saharan Africa'),('TGO','Sub-Saharan Africa'),('THA','East Asia & Pacific'),('TMP','East Asia & Pacific'),('TON','East Asia & Pacific'),('TUN','Middle East & North Africa'),('TUV','East Asia & Pacific'),('TZA','Sub-Saharan Africa'),('UGA','Sub-Saharan Africa'),('VNM','East Asia & Pacific'),('VUT','East Asia & Pacific'),('WBG','Middle East & North Africa'),('WSM','East Asia & Pacific'),('YEM','Middle East & North Africa'),('ZAF','Sub-Saharan Africa'),('ZAR','Sub-Saharan Africa'),('ZMB','Sub-Saharan Africa'),('ZWE','Sub-Saharan Africa');
/*!40000 ALTER TABLE `country_region` ENABLE KEYS */;
UNLOCK TABLES;

--
-- Table structure for table `data_by_year`
--

DROP TABLE IF EXISTS `data_by_year`;
/*!40101 SET @saved_cs_client     = @@character_set_client */;
/*!40101 SET character_set_client = utf8 */;
CREATE TABLE `data_by_year` (
  `CountryCode` varchar(5) NOT NULL,
  `SeriesCode` varchar(45) NOT NULL,
  `YearC` varchar(45) NOT NULL,
  `Data` double NOT NULL
) ENGINE=InnoDB DEFAULT CHARSET=utf8;
/*!40101 SET character_set_client = @saved_cs_client */;

--
-- Dumping data for table `data_by_year`
--

LOCK TABLES `data_by_year` WRITE;
/*!40000 ALTER TABLE `data_by_year` DISABLE KEYS */;
INSERT INTO `data_by_year` VALUES ('ARE','SL.UEM.TERT.FE.ZS','2005 [YR2005]',39.7999992370605),('ARE','SL.UEM.TERT.FE.ZS','2008 [YR2008]',43),('ARE','SL.UEM.TERT.MA.ZS','2005 [YR2005]',13.5),('ARE','SL.UEM.TERT.MA.ZS','2008 [YR2008]',17.8999996185303),('AUS','SL.UEM.TERT.FE.ZS','1998 [YR1998]',15),('AUS','SL.UEM.TERT.FE.ZS','1999 [YR1999]',15.8000001907349),('AUS','SL.UEM.TERT.FE.ZS','2000 [YR2000]',15.8000001907349),('AUS','SL.UEM.TERT.FE.ZS','2001 [YR2001]',15.8000001907349),('AUS','SL.UEM.TERT.FE.ZS','2002 [YR2002]',19.6000003814697),('AUS','SL.UEM.TERT.FE.ZS','2003 [YR2003]',18.2999992370605),('AUS','SL.UEM.TERT.FE.ZS','2004 [YR2004]',20.6000003814697),('AUS','SL.UEM.TERT.FE.ZS','2005 [YR2005]',20.8999996185303),('AUS','SL.UEM.TERT.FE.ZS','2006 [YR2006]',19.6000003814697),('AUS','SL.UEM.TERT.FE.ZS','2007 [YR2007]',20.7999992370605),('AUS','SL.UEM.TERT.FE.ZS','2008 [YR2008]',21.1000003814697),('AUS','SL.UEM.TERT.MA.ZS','1998 [YR1998]',9.60000038146973),('AUS','SL.UEM.TERT.MA.ZS','1999 [YR1999]',12),('AUS','SL.UEM.TERT.MA.ZS','2000 [YR2000]',14.1000003814697),('AUS','SL.UEM.TERT.MA.ZS','2001 [YR2001]',12.6999998092651),('AUS','SL.UEM.TERT.MA.ZS','2002 [YR2002]',14.6000003814697),('AUS','SL.UEM.TERT.MA.ZS','2003 [YR2003]',17.5),('AUS','SL.UEM.TERT.MA.ZS','2004 [YR2004]',17.6000003814697),('AUS','SL.UEM.TERT.MA.ZS','2005 [YR2005]',17.8999996185303),('AUS','SL.UEM.TERT.MA.ZS','2006 [YR2006]',13.1000003814697),('AUS','SL.UEM.TERT.MA.ZS','2007 [YR2007]',15),('AUS','SL.UEM.TERT.MA.ZS','2008 [YR2008]',17),('BFA','SL.UEM.TERT.FE.ZS','1998 [YR1998]',6.30000019073486),('BFA','SL.UEM.TERT.FE.ZS','1999 [YR1999]',7.09999990463257),('BFA','SL.UEM.TERT.FE.ZS','2000 [YR2000]',8.30000019073486),('BFA','SL.UEM.TERT.MA.ZS','1998 [YR1998]',5.09999990463257),('BFA','SL.UEM.TERT.MA.ZS','1999 [YR1999]',6.5),('BFA','SL.UEM.TERT.MA.ZS','2000 [YR2000]',5.59999990463257),('BGD','SL.UEM.TERT.FE.ZS','2000 [YR2000]',5.69999980926514),('BGD','SL.UEM.TERT.FE.ZS','2005 [YR2005]',10.6999998092651),('BGD','SL.UEM.TERT.MA.ZS','2000 [YR2000]',10.1999998092651),('BGD','SL.UEM.TERT.MA.ZS','2005 [YR2005]',19.3999996185303),('BHR','SL.UEM.TERT.FE.ZS','1998 [YR1998]',31.2000007629395),('BHR','SL.UEM.TERT.FE.ZS','1999 [YR1999]',37.4000015258789),('BHR','SL.UEM.TERT.FE.ZS','2000 [YR2000]',35.5999984741211),('BHR','SL.UEM.TERT.FE.ZS','2002 [YR2002]',22.7999992370605),('BHR','SL.UEM.TERT.FE.ZS','2003 [YR2003]',22.3999996185303),('BHR','SL.UEM.TERT.FE.ZS','2004 [YR2004]',29.5),('BHR','SL.UEM.TERT.FE.ZS','2005 [YR2005]',39.0999984741211),('BHR','SL.UEM.TERT.FE.ZS','2006 [YR2006]',39.4000015258789),('BHR','SL.UEM.TERT.FE.ZS','2007 [YR2007]',33.0999984741211),('BHR','SL.UEM.TERT.FE.ZS','2010 [YR2010]',25.5),('BHR','SL.UEM.TERT.MA.ZS','1998 [YR1998]',13),('BHR','SL.UEM.TERT.MA.ZS','1999 [YR1999]',12.8000001907349),('BHR','SL.UEM.TERT.MA.ZS','2000 [YR2000]',11.8999996185303),('BHR','SL.UEM.TERT.MA.ZS','2002 [YR2002]',9.89999961853027),('BHR','SL.UEM.TERT.MA.ZS','2003 [YR2003]',9.10000038146973),('BHR','SL.UEM.TERT.MA.ZS','2004 [YR2004]',9.80000019073486),('BHR','SL.UEM.TERT.MA.ZS','2005 [YR2005]',10.8999996185303),('BHR','SL.UEM.TERT.MA.ZS','2006 [YR2006]',21.6000003814697),('BHR','SL.UEM.TERT.MA.ZS','2007 [YR2007]',21.8999996185303),('BHR','SL.UEM.TERT.MA.ZS','2010 [YR2010]',10.3999996185303),('BRN','SL.UEM.TERT.FE.ZS','2001 [YR2001]',4.5),('BRN','SL.UEM.TERT.FE.ZS','2002 [YR2002]',8.10000038146973),('BRN','SL.UEM.TERT.FE.ZS','2003 [YR2003]',7.59999990463257),('BRN','SL.UEM.TERT.MA.ZS','2001 [YR2001]',5.19999980926514),('BRN','SL.UEM.TERT.MA.ZS','2002 [YR2002]',9.19999980926514),('BRN','SL.UEM.TERT.MA.ZS','2003 [YR2003]',5.80000019073486),('BTN','SL.UEM.TERT.FE.ZS','2006 [YR2006]',5.30000019073486),('BTN','SL.UEM.TERT.FE.ZS','2009 [YR2009]',2.40000009536743),('BTN','SL.UEM.TERT.FE.ZS','2010 [YR2010]',3.09999990463257),('BTN','SL.UEM.TERT.FE.ZS','2011 [YR2011]',5.5),('BTN','SL.UEM.TERT.FE.ZS','2012 [YR2012]',12.1999998092651),('BTN','SL.UEM.TERT.FE.ZS','2013 [YR2013]',28.2000007629395),('BTN','SL.UEM.TERT.MA.ZS','2006 [YR2006]',8.80000019073486),('BTN','SL.UEM.TERT.MA.ZS','2009 [YR2009]',6.80000019073486),('BTN','SL.UEM.TERT.MA.ZS','2010 [YR2010]',8.69999980926514),('BTN','SL.UEM.TERT.MA.ZS','2011 [YR2011]',9.39999961853027),('BTN','SL.UEM.TERT.MA.ZS','2012 [YR2012]',13.8999996185303),('BTN','SL.UEM.TERT.MA.ZS','2013 [YR2013]',38.5999984741211),('BWA','SL.UEM.TERT.FE.ZS','2003 [YR2003]',30.2000007629395),('BWA','SL.UEM.TERT.FE.ZS','2006 [YR2006]',29.7999992370605),('BWA','SL.UEM.TERT.FE.ZS','2010 [YR2010]',5.69999980926514),('BWA','SL.UEM.TERT.MA.ZS','2003 [YR2003]',23.8999996185303),('BWA','SL.UEM.TERT.MA.ZS','2006 [YR2006]',26.2000007629395),('BWA','SL.UEM.TERT.MA.ZS','2010 [YR2010]',6.69999980926514),('DZA','SL.UEM.TERT.FE.ZS','2001 [YR2001]',26.7999992370605),('DZA','SL.UEM.TERT.FE.ZS','2003 [YR2003]',30.1000003814697),('DZA','SL.UEM.TERT.FE.ZS','2004 [YR2004]',33),('DZA','SL.UEM.TERT.FE.ZS','2008 [YR2008]',46.7999992370605),('DZA','SL.UEM.TERT.FE.ZS','2011 [YR2011]',51.9000015258789),('DZA','SL.UEM.TERT.MA.ZS','2001 [YR2001]',5.59999990463257),('DZA','SL.UEM.TERT.MA.ZS','2003 [YR2003]',5.80000019073486),('DZA','SL.UEM.TERT.MA.ZS','2004 [YR2004]',6.59999990463257),('DZA','SL.UEM.TERT.MA.ZS','2008 [YR2008]',10.5),('DZA','SL.UEM.TERT.MA.ZS','2011 [YR2011]',10.6000003814697),('EGY','SL.UEM.TERT.FE.ZS','2008 [YR2008]',32.2000007629395),('EGY','SL.UEM.TERT.FE.ZS','2009 [YR2009]',34),('EGY','SL.UEM.TERT.FE.ZS','2010 [YR2010]',42),('EGY','SL.UEM.TERT.FE.ZS','2011 [YR2011]',41.2000007629395),('EGY','SL.UEM.TERT.FE.ZS','2013 [YR2013]',40.0999984741211),('EGY','SL.UEM.TERT.MA.ZS','2008 [YR2008]',31.2999992370605),('EGY','SL.UEM.TERT.MA.ZS','2009 [YR2009]',37.5),('EGY','SL.UEM.TERT.MA.ZS','2010 [YR2010]',36.5),('EGY','SL.UEM.TERT.MA.ZS','2011 [YR2011]',25.3999996185303),('EGY','SL.UEM.TERT.MA.ZS','2013 [YR2013]',24.3999996185303),('ETH','SL.UEM.TERT.FE.ZS','1998 [YR1998]',2.40000009536743),('ETH','SL.UEM.TERT.FE.ZS','1999 [YR1999]',4.19999980926514),('ETH','SL.UEM.TERT.FE.ZS','2005 [YR2005]',2.29999995231628),('ETH','SL.UEM.TERT.FE.ZS','2009 [YR2009]',4.59999990463257),('ETH','SL.UEM.TERT.FE.ZS','2010 [YR2010]',8.10000038146973),('ETH','SL.UEM.TERT.FE.ZS','2011 [YR2011]',8.10000038146973),('ETH','SL.UEM.TERT.FE.ZS','2012 [YR2012]',9.10000038146973),('ETH','SL.UEM.TERT.MA.ZS','1998 [YR1998]',6.30000019073486),('ETH','SL.UEM.TERT.MA.ZS','1999 [YR1999]',11.1999998092651),('ETH','SL.UEM.TERT.MA.ZS','2005 [YR2005]',5.69999980926514),('ETH','SL.UEM.TERT.MA.ZS','2009 [YR2009]',9.19999980926514),('ETH','SL.UEM.TERT.MA.ZS','2010 [YR2010]',13.1000003814697),('ETH','SL.UEM.TERT.MA.ZS','2011 [YR2011]',14.6999998092651),('ETH','SL.UEM.TERT.MA.ZS','2012 [YR2012]',15.8000001907349),('FJI','SL.UEM.TERT.FE.ZS','2005 [YR2005]',17.1000003814697),('FJI','SL.UEM.TERT.MA.ZS','2005 [YR2005]',11),('HKG','SL.UEM.TERT.FE.ZS','1998 [YR1998]',10.6000003814697),('HKG','SL.UEM.TERT.FE.ZS','1999 [YR1999]',11.6999998092651),('HKG','SL.UEM.TERT.FE.ZS','2000 [YR2000]',10.6000003814697),('HKG','SL.UEM.TERT.FE.ZS','2001 [YR2001]',13.6000003814697),('HKG','SL.UEM.TERT.FE.ZS','2002 [YR2002]',11.5),('HKG','SL.UEM.TERT.FE.ZS','2003 [YR2003]',12.1999998092651),('HKG','SL.UEM.TERT.FE.ZS','2004 [YR2004]',11),('HKG','SL.UEM.TERT.FE.ZS','2005 [YR2005]',15.3000001907349),('HKG','SL.UEM.TERT.FE.ZS','2006 [YR2006]',15.8000001907349),('HKG','SL.UEM.TERT.FE.ZS','2007 [YR2007]',18.7999992370605),('HKG','SL.UEM.TERT.FE.ZS','2008 [YR2008]',18.8999996185303),('HKG','SL.UEM.TERT.FE.ZS','2009 [YR2009]',19.7999992370605),('HKG','SL.UEM.TERT.FE.ZS','2010 [YR2010]',23.8999996185303),('HKG','SL.UEM.TERT.FE.ZS','2011 [YR2011]',19.2999992370605),('HKG','SL.UEM.TERT.FE.ZS','2012 [YR2012]',22.3999996185303),('HKG','SL.UEM.TERT.FE.ZS','2013 [YR2013]',21.6000003814697),('HKG','SL.UEM.TERT.MA.ZS','1998 [YR1998]',9.5),('HKG','SL.UEM.TERT.MA.ZS','1999 [YR1999]',8.30000019073486),('HKG','SL.UEM.TERT.MA.ZS','2000 [YR2000]',7.30000019073486),('HKG','SL.UEM.TERT.MA.ZS','2001 [YR2001]',9.60000038146973),('HKG','SL.UEM.TERT.MA.ZS','2002 [YR2002]',10.8999996185303),('HKG','SL.UEM.TERT.MA.ZS','2003 [YR2003]',10.1999998092651),('HKG','SL.UEM.TERT.MA.ZS','2004 [YR2004]',10),('HKG','SL.UEM.TERT.MA.ZS','2005 [YR2005]',11.6999998092651),('HKG','SL.UEM.TERT.MA.ZS','2006 [YR2006]',12.3000001907349),('HKG','SL.UEM.TERT.MA.ZS','2007 [YR2007]',15.1000003814697),('HKG','SL.UEM.TERT.MA.ZS','2008 [YR2008]',15.8999996185303),('HKG','SL.UEM.TERT.MA.ZS','2009 [YR2009]',19),('HKG','SL.UEM.TERT.MA.ZS','2010 [YR2010]',20.8999996185303),('HKG','SL.UEM.TERT.MA.ZS','2011 [YR2011]',15.6999998092651),('HKG','SL.UEM.TERT.MA.ZS','2012 [YR2012]',19.2999992370605),('HKG','SL.UEM.TERT.MA.ZS','2013 [YR2013]',20.6000003814697),('IDN','SL.UEM.TERT.FE.ZS','1998 [YR1998]',10),('IDN','SL.UEM.TERT.FE.ZS','1999 [YR1999]',11.3000001907349),('IDN','SL.UEM.TERT.FE.ZS','2000 [YR2000]',9.69999980926514),('IDN','SL.UEM.TERT.FE.ZS','2001 [YR2001]',7.30000019073486),('IDN','SL.UEM.TERT.FE.ZS','2002 [YR2002]',6.40000009536743),('IDN','SL.UEM.TERT.FE.ZS','2003 [YR2003]',4.90000009536743),('IDN','SL.UEM.TERT.FE.ZS','2004 [YR2004]',6.69999980926514),('IDN','SL.UEM.TERT.FE.ZS','2005 [YR2005]',7),('IDN','SL.UEM.TERT.FE.ZS','2006 [YR2006]',7.5),('IDN','SL.UEM.TERT.FE.ZS','2007 [YR2007]',12.5),('IDN','SL.UEM.TERT.FE.ZS','2008 [YR2008]',12.5),('IDN','SL.UEM.TERT.FE.ZS','2009 [YR2009]',14.6999998092651),('IDN','SL.UEM.TERT.FE.ZS','2010 [YR2010]',14.3999996185303),('IDN','SL.UEM.TERT.FE.ZS','2013 [YR2013]',10.1000003814697),('IDN','SL.UEM.TERT.MA.ZS','1998 [YR1998]',7.30000019073486),('IDN','SL.UEM.TERT.MA.ZS','1999 [YR1999]',7.69999980926514),('IDN','SL.UEM.TERT.MA.ZS','2000 [YR2000]',6.59999990463257),('IDN','SL.UEM.TERT.MA.ZS','2001 [YR2001]',6.19999980926514),('IDN','SL.UEM.TERT.MA.ZS','2002 [YR2002]',5.09999990463257),('IDN','SL.UEM.TERT.MA.ZS','2003 [YR2003]',4.19999980926514),('IDN','SL.UEM.TERT.MA.ZS','2004 [YR2004]',4.80000019073486),('IDN','SL.UEM.TERT.MA.ZS','2005 [YR2005]',5),('IDN','SL.UEM.TERT.MA.ZS','2006 [YR2006]',5),('IDN','SL.UEM.TERT.MA.ZS','2007 [YR2007]',7.30000019073486),('IDN','SL.UEM.TERT.MA.ZS','2008 [YR2008]',8.39999961853027),('IDN','SL.UEM.TERT.MA.ZS','2009 [YR2009]',7.90000009536743),('IDN','SL.UEM.TERT.MA.ZS','2010 [YR2010]',11.8999996185303),('IDN','SL.UEM.TERT.MA.ZS','2013 [YR2013]',6.19999980926514),('IND','SL.UEM.TERT.FE.ZS','1998 [YR1998]',35.2000007629395),('IND','SL.UEM.TERT.FE.ZS','1999 [YR1999]',35.7000007629395),('IND','SL.UEM.TERT.FE.ZS','2000 [YR2000]',34.0999984741211),('IND','SL.UEM.TERT.FE.ZS','2001 [YR2001]',36.9000015258789),('IND','SL.UEM.TERT.FE.ZS','2002 [YR2002]',35.0999984741211),('IND','SL.UEM.TERT.FE.ZS','2003 [YR2003]',34.7000007629395),('IND','SL.UEM.TERT.FE.ZS','2004 [YR2004]',32.0999984741211),('IND','SL.UEM.TERT.FE.ZS','2005 [YR2005]',23),('IND','SL.UEM.TERT.FE.ZS','2010 [YR2010]',28.6000003814697),('IND','SL.UEM.TERT.MA.ZS','1998 [YR1998]',28.2999992370605),('IND','SL.UEM.TERT.MA.ZS','1999 [YR1999]',29),('IND','SL.UEM.TERT.MA.ZS','2000 [YR2000]',28.7999992370605),('IND','SL.UEM.TERT.MA.ZS','2001 [YR2001]',28.8999996185303),('IND','SL.UEM.TERT.MA.ZS','2002 [YR2002]',29.3999996185303),('IND','SL.UEM.TERT.MA.ZS','2003 [YR2003]',30.7999992370605),('IND','SL.UEM.TERT.MA.ZS','2004 [YR2004]',31.5),('IND','SL.UEM.TERT.MA.ZS','2005 [YR2005]',17.3999996185303),('IND','SL.UEM.TERT.MA.ZS','2010 [YR2010]',20.5),('IRN','SL.UEM.TERT.FE.ZS','2005 [YR2005]',36.0999984741211),('IRN','SL.UEM.TERT.FE.ZS','2006 [YR2006]',41.9000015258789),('IRN','SL.UEM.TERT.FE.ZS','2007 [YR2007]',48.7000007629395),('IRN','SL.UEM.TERT.FE.ZS','2008 [YR2008]',52.2999992370605),('IRN','SL.UEM.TERT.MA.ZS','2005 [YR2005]',12.6000003814697),('IRN','SL.UEM.TERT.MA.ZS','2006 [YR2006]',12.3000001907349),('IRN','SL.UEM.TERT.MA.ZS','2007 [YR2007]',13.1000003814697),('IRN','SL.UEM.TERT.MA.ZS','2008 [YR2008]',14.8999996185303),('ISR','SL.UEM.TERT.FE.ZS','1998 [YR1998]',38.2999992370605),('ISR','SL.UEM.TERT.FE.ZS','1999 [YR1999]',38.2999992370605),('ISR','SL.UEM.TERT.FE.ZS','2000 [YR2000]',28.6000003814697),('ISR','SL.UEM.TERT.FE.ZS','2001 [YR2001]',28.7000007629395),('ISR','SL.UEM.TERT.FE.ZS','2002 [YR2002]',30.8999996185303),('ISR','SL.UEM.TERT.FE.ZS','2003 [YR2003]',31.1000003814697),('ISR','SL.UEM.TERT.FE.ZS','2004 [YR2004]',29.2999992370605),('ISR','SL.UEM.TERT.FE.ZS','2005 [YR2005]',30.1000003814697),('ISR','SL.UEM.TERT.FE.ZS','2006 [YR2006]',25.8999996185303),('ISR','SL.UEM.TERT.FE.ZS','2007 [YR2007]',28.2000007629395),('ISR','SL.UEM.TERT.FE.ZS','2008 [YR2008]',30.5),('ISR','SL.UEM.TERT.MA.ZS','1998 [YR1998]',25.3999996185303),('ISR','SL.UEM.TERT.MA.ZS','1999 [YR1999]',28.3999996185303),('ISR','SL.UEM.TERT.MA.ZS','2000 [YR2000]',20.3999996185303),('ISR','SL.UEM.TERT.MA.ZS','2001 [YR2001]',22.3999996185303),('ISR','SL.UEM.TERT.MA.ZS','2002 [YR2002]',24.2999992370605),('ISR','SL.UEM.TERT.MA.ZS','2003 [YR2003]',22.7999992370605),('ISR','SL.UEM.TERT.MA.ZS','2004 [YR2004]',23.2999992370605),('ISR','SL.UEM.TERT.MA.ZS','2005 [YR2005]',21.2000007629395),('ISR','SL.UEM.TERT.MA.ZS','2006 [YR2006]',21.1000003814697),('ISR','SL.UEM.TERT.MA.ZS','2007 [YR2007]',19.3999996185303),('ISR','SL.UEM.TERT.MA.ZS','2008 [YR2008]',25.7999992370605),('JOR','SL.UEM.TERT.FE.ZS','2000 [YR2000]',27.6000003814697),('JOR','SL.UEM.TERT.FE.ZS','2001 [YR2001]',30),('JOR','SL.UEM.TERT.FE.ZS','2002 [YR2002]',32.0999984741211),('JOR','SL.UEM.TERT.FE.ZS','2003 [YR2003]',45.5999984741211),('JOR','SL.UEM.TERT.FE.ZS','2004 [YR2004]',47.7999992370605),('JOR','SL.UEM.TERT.FE.ZS','2005 [YR2005]',50.9000015258789),('JOR','SL.UEM.TERT.FE.ZS','2006 [YR2006]',51),('JOR','SL.UEM.TERT.FE.ZS','2007 [YR2007]',48.7000007629395),('JOR','SL.UEM.TERT.FE.ZS','2008 [YR2008]',55),('JOR','SL.UEM.TERT.FE.ZS','2009 [YR2009]',53.7000007629395),('JOR','SL.UEM.TERT.FE.ZS','2010 [YR2010]',61.4000015258789),('JOR','SL.UEM.TERT.FE.ZS','2011 [YR2011]',64.9000015258789),('JOR','SL.UEM.TERT.FE.ZS','2012 [YR2012]',69.6999969482422),('JOR','SL.UEM.TERT.MA.ZS','2000 [YR2000]',10.8999996185303),('JOR','SL.UEM.TERT.MA.ZS','2001 [YR2001]',10.6000003814697),('JOR','SL.UEM.TERT.MA.ZS','2002 [YR2002]',11.3999996185303),('JOR','SL.UEM.TERT.MA.ZS','2003 [YR2003]',12.5),('JOR','SL.UEM.TERT.MA.ZS','2004 [YR2004]',12.1000003814697),('JOR','SL.UEM.TERT.MA.ZS','2005 [YR2005]',15.3999996185303),('JOR','SL.UEM.TERT.MA.ZS','2006 [YR2006]',16.1000003814697),('JOR','SL.UEM.TERT.MA.ZS','2007 [YR2007]',18.3999996185303),('JOR','SL.UEM.TERT.MA.ZS','2008 [YR2008]',16.8999996185303),('JOR','SL.UEM.TERT.MA.ZS','2009 [YR2009]',19),('JOR','SL.UEM.TERT.MA.ZS','2010 [YR2010]',21.2999992370605),('JOR','SL.UEM.TERT.MA.ZS','2011 [YR2011]',20.8999996185303),('JOR','SL.UEM.TERT.MA.ZS','2012 [YR2012]',22.8999996185303),('JPN','SL.UEM.TERT.FE.ZS','1998 [YR1998]',31.5),('JPN','SL.UEM.TERT.FE.ZS','1999 [YR1999]',31.8999996185303),('JPN','SL.UEM.TERT.FE.ZS','2000 [YR2000]',29.3999996185303),('JPN','SL.UEM.TERT.FE.ZS','2001 [YR2001]',26.7999992370605),('JPN','SL.UEM.TERT.FE.ZS','2002 [YR2002]',33.5999984741211),('JPN','SL.UEM.TERT.FE.ZS','2003 [YR2003]',32.5999984741211),('JPN','SL.UEM.TERT.FE.ZS','2004 [YR2004]',33.5999984741211),('JPN','SL.UEM.TERT.FE.ZS','2005 [YR2005]',36),('JPN','SL.UEM.TERT.FE.ZS','2006 [YR2006]',32.7000007629395),('JPN','SL.UEM.TERT.FE.ZS','2007 [YR2007]',36),('JPN','SL.UEM.TERT.FE.ZS','2008 [YR2008]',36.9000015258789),('JPN','SL.UEM.TERT.MA.ZS','1998 [YR1998]',21.3999996185303),('JPN','SL.UEM.TERT.MA.ZS','1999 [YR1999]',21.3999996185303),('JPN','SL.UEM.TERT.MA.ZS','2000 [YR2000]',25.2999992370605),('JPN','SL.UEM.TERT.MA.ZS','2001 [YR2001]',23.3999996185303),('JPN','SL.UEM.TERT.MA.ZS','2002 [YR2002]',26.2999992370605),('JPN','SL.UEM.TERT.MA.ZS','2003 [YR2003]',26.5),('JPN','SL.UEM.TERT.MA.ZS','2004 [YR2004]',27.1000003814697),('JPN','SL.UEM.TERT.MA.ZS','2005 [YR2005]',27),('JPN','SL.UEM.TERT.MA.ZS','2006 [YR2006]',31.1000003814697),('JPN','SL.UEM.TERT.MA.ZS','2007 [YR2007]',30.8999996185303),('JPN','SL.UEM.TERT.MA.ZS','2008 [YR2008]',30.7000007629395),('KOR','SL.UEM.TERT.FE.ZS','1998 [YR1998]',9.39999961853027),('KOR','SL.UEM.TERT.FE.ZS','1999 [YR1999]',8.80000019073486),('KOR','SL.UEM.TERT.FE.ZS','2000 [YR2000]',9.60000038146973),('KOR','SL.UEM.TERT.FE.ZS','2001 [YR2001]',10.3999996185303),('KOR','SL.UEM.TERT.FE.ZS','2002 [YR2002]',13.8000001907349),('KOR','SL.UEM.TERT.FE.ZS','2003 [YR2003]',16.1000003814697),('KOR','SL.UEM.TERT.FE.ZS','2004 [YR2004]',16),('KOR','SL.UEM.TERT.FE.ZS','2005 [YR2005]',15),('KOR','SL.UEM.TERT.FE.ZS','2006 [YR2006]',20.7000007629395),('KOR','SL.UEM.TERT.FE.ZS','2007 [YR2007]',19.5),('KOR','SL.UEM.TERT.FE.ZS','2008 [YR2008]',21.8999996185303),('KOR','SL.UEM.TERT.MA.ZS','1998 [YR1998]',13.6000003814697),('KOR','SL.UEM.TERT.MA.ZS','1999 [YR1999]',13.6000003814697),('KOR','SL.UEM.TERT.MA.ZS','2000 [YR2000]',14.1000003814697),('KOR','SL.UEM.TERT.MA.ZS','2001 [YR2001]',16.3999996185303),('KOR','SL.UEM.TERT.MA.ZS','2002 [YR2002]',18.5),('KOR','SL.UEM.TERT.MA.ZS','2003 [YR2003]',19.1000003814697),('KOR','SL.UEM.TERT.MA.ZS','2004 [YR2004]',17.7999992370605),('KOR','SL.UEM.TERT.MA.ZS','2005 [YR2005]',17.2000007629395),('KOR','SL.UEM.TERT.MA.ZS','2006 [YR2006]',19.2999992370605),('KOR','SL.UEM.TERT.MA.ZS','2007 [YR2007]',19.2999992370605),('KOR','SL.UEM.TERT.MA.ZS','2008 [YR2008]',20.6000003814697),('KWT','SL.UEM.TERT.FE.ZS','1998 [YR1998]',5.40000009536743),('KWT','SL.UEM.TERT.FE.ZS','1999 [YR1999]',5),('KWT','SL.UEM.TERT.FE.ZS','2000 [YR2000]',4.30000019073486),('KWT','SL.UEM.TERT.FE.ZS','2001 [YR2001]',5.5),('KWT','SL.UEM.TERT.FE.ZS','2002 [YR2002]',11.3999996185303),('KWT','SL.UEM.TERT.FE.ZS','2003 [YR2003]',24.1000003814697),('KWT','SL.UEM.TERT.FE.ZS','2004 [YR2004]',19),('KWT','SL.UEM.TERT.FE.ZS','2005 [YR2005]',19.3999996185303),('KWT','SL.UEM.TERT.FE.ZS','2006 [YR2006]',13.5),('KWT','SL.UEM.TERT.MA.ZS','1998 [YR1998]',2.20000004768372),('KWT','SL.UEM.TERT.MA.ZS','1999 [YR1999]',2.20000004768372),('KWT','SL.UEM.TERT.MA.ZS','2000 [YR2000]',2),('KWT','SL.UEM.TERT.MA.ZS','2001 [YR2001]',2),('KWT','SL.UEM.TERT.MA.ZS','2002 [YR2002]',2.90000009536743),('KWT','SL.UEM.TERT.MA.ZS','2003 [YR2003]',6.90000009536743),('KWT','SL.UEM.TERT.MA.ZS','2004 [YR2004]',7.40000009536743),('KWT','SL.UEM.TERT.MA.ZS','2005 [YR2005]',6.59999990463257),('KWT','SL.UEM.TERT.MA.ZS','2006 [YR2006]',5.30000019073486),('LBN','SL.UEM.TERT.FE.ZS','2004 [YR2004]',36.9000015258789),('LBN','SL.UEM.TERT.FE.ZS','2007 [YR2007]',45.7000007629395),('LBN','SL.UEM.TERT.MA.ZS','2004 [YR2004]',14.8999996185303),('LBN','SL.UEM.TERT.MA.ZS','2007 [YR2007]',23.6000003814697),('LKA','SL.UEM.TERT.FE.ZS','2006 [YR2006]',34.2999992370605),('LKA','SL.UEM.TERT.FE.ZS','2007 [YR2007]',43.4000015258789),('LKA','SL.UEM.TERT.FE.ZS','2008 [YR2008]',40.7000007629395),('LKA','SL.UEM.TERT.FE.ZS','2009 [YR2009]',6.09999990463257),('LKA','SL.UEM.TERT.FE.ZS','2010 [YR2010]',11.3000001907349),('LKA','SL.UEM.TERT.FE.ZS','2011 [YR2011]',47.0999984741211),('LKA','SL.UEM.TERT.FE.ZS','2012 [YR2012]',43.5999984741211),('LKA','SL.UEM.TERT.FE.ZS','2013 [YR2013]',49.0999984741211),('LKA','SL.UEM.TERT.MA.ZS','2006 [YR2006]',18.2999992370605),('LKA','SL.UEM.TERT.MA.ZS','2007 [YR2007]',20.2999992370605),('LKA','SL.UEM.TERT.MA.ZS','2008 [YR2008]',20.7999992370605),('LKA','SL.UEM.TERT.MA.ZS','2009 [YR2009]',2.70000004768372),('LKA','SL.UEM.TERT.MA.ZS','2010 [YR2010]',4.30000019073486),('LKA','SL.UEM.TERT.MA.ZS','2011 [YR2011]',29.7999992370605),('LKA','SL.UEM.TERT.MA.ZS','2012 [YR2012]',22.1000003814697),('LKA','SL.UEM.TERT.MA.ZS','2013 [YR2013]',30.8999996185303),('LSO','SL.UEM.TERT.FE.ZS','2008 [YR2008]',0.400000005960464),('LSO','SL.UEM.TERT.MA.ZS','2008 [YR2008]',0.400000005960464),('MAC','SL.UEM.TERT.FE.ZS','1998 [YR1998]',9.69999980926514),('MAC','SL.UEM.TERT.FE.ZS','1999 [YR1999]',9.5),('MAC','SL.UEM.TERT.FE.ZS','2000 [YR2000]',9.10000038146973),('MAC','SL.UEM.TERT.FE.ZS','2001 [YR2001]',6.69999980926514),('MAC','SL.UEM.TERT.FE.ZS','2002 [YR2002]',4.30000019073486),('MAC','SL.UEM.TERT.FE.ZS','2003 [YR2003]',10.3999996185303),('MAC','SL.UEM.TERT.FE.ZS','2004 [YR2004]',9.10000038146973),('MAC','SL.UEM.TERT.FE.ZS','2005 [YR2005]',8.89999961853027),('MAC','SL.UEM.TERT.FE.ZS','2006 [YR2006]',12.5),('MAC','SL.UEM.TERT.FE.ZS','2007 [YR2007]',12.8000001907349),('MAC','SL.UEM.TERT.FE.ZS','2008 [YR2008]',20.8999996185303),('MAC','SL.UEM.TERT.FE.ZS','2009 [YR2009]',16.2999992370605),('MAC','SL.UEM.TERT.FE.ZS','2010 [YR2010]',18.2000007629395),('MAC','SL.UEM.TERT.FE.ZS','2011 [YR2011]',22.8999996185303),('MAC','SL.UEM.TERT.FE.ZS','2012 [YR2012]',25),('MAC','SL.UEM.TERT.FE.ZS','2013 [YR2013]',28),('MAC','SL.UEM.TERT.MA.ZS','1998 [YR1998]',4.69999980926514),('MAC','SL.UEM.TERT.MA.ZS','1999 [YR1999]',5.5),('MAC','SL.UEM.TERT.MA.ZS','2000 [YR2000]',4.09999990463257),('MAC','SL.UEM.TERT.MA.ZS','2001 [YR2001]',7.40000009536743),('MAC','SL.UEM.TERT.MA.ZS','2002 [YR2002]',4.40000009536743),('MAC','SL.UEM.TERT.MA.ZS','2003 [YR2003]',7.19999980926514),('MAC','SL.UEM.TERT.MA.ZS','2004 [YR2004]',5.90000009536743),('MAC','SL.UEM.TERT.MA.ZS','2005 [YR2005]',8.60000038146973),('MAC','SL.UEM.TERT.MA.ZS','2006 [YR2006]',12.5),('MAC','SL.UEM.TERT.MA.ZS','2007 [YR2007]',8.89999961853027),('MAC','SL.UEM.TERT.MA.ZS','2008 [YR2008]',12.3000001907349),('MAC','SL.UEM.TERT.MA.ZS','2009 [YR2009]',9.60000038146973),('MAC','SL.UEM.TERT.MA.ZS','2010 [YR2010]',11.8999996185303),('MAC','SL.UEM.TERT.MA.ZS','2011 [YR2011]',13.1999998092651),('MAC','SL.UEM.TERT.MA.ZS','2012 [YR2012]',19.5),('MAC','SL.UEM.TERT.MA.ZS','2013 [YR2013]',21.3999996185303),('MAR','SL.UEM.TERT.FE.ZS','1998 [YR1998]',28.8999996185303),('MAR','SL.UEM.TERT.FE.ZS','1999 [YR1999]',25.1000003814697),('MAR','SL.UEM.TERT.FE.ZS','2000 [YR2000]',29.2999992370605),('MAR','SL.UEM.TERT.FE.ZS','2001 [YR2001]',30.7000007629395),('MAR','SL.UEM.TERT.FE.ZS','2002 [YR2002]',33.2999992370605),('MAR','SL.UEM.TERT.FE.ZS','2003 [YR2003]',32.2999992370605),('MAR','SL.UEM.TERT.FE.ZS','2004 [YR2004]',32.2999992370605),('MAR','SL.UEM.TERT.FE.ZS','2005 [YR2005]',33.5),('MAR','SL.UEM.TERT.MA.ZS','1998 [YR1998]',14.3000001907349),('MAR','SL.UEM.TERT.MA.ZS','1999 [YR1999]',13.3999996185303),('MAR','SL.UEM.TERT.MA.ZS','2000 [YR2000]',13.3999996185303),('MAR','SL.UEM.TERT.MA.ZS','2001 [YR2001]',14),('MAR','SL.UEM.TERT.MA.ZS','2002 [YR2002]',14.8999996185303),('MAR','SL.UEM.TERT.MA.ZS','2003 [YR2003]',15.1999998092651),('MAR','SL.UEM.TERT.MA.ZS','2004 [YR2004]',16.2000007629395),('MAR','SL.UEM.TERT.MA.ZS','2005 [YR2005]',16.2000007629395),('MDG','SL.UEM.TERT.FE.ZS','2003 [YR2003]',4.90000009536743),('MDG','SL.UEM.TERT.FE.ZS','2005 [YR2005]',6.59999990463257),('MDG','SL.UEM.TERT.MA.ZS','2003 [YR2003]',7.80000019073486),('MDG','SL.UEM.TERT.MA.ZS','2005 [YR2005]',14),('MLT','SL.UEM.TERT.FE.ZS','1998 [YR1998]',9.5),('MLT','SL.UEM.TERT.FE.ZS','1999 [YR1999]',14.3999996185303),('MLT','SL.UEM.TERT.FE.ZS','2000 [YR2000]',5),('MLT','SL.UEM.TERT.FE.ZS','2001 [YR2001]',1.79999995231628),('MLT','SL.UEM.TERT.FE.ZS','2002 [YR2002]',7.5),('MLT','SL.UEM.TERT.FE.ZS','2003 [YR2003]',4.90000009536743),('MLT','SL.UEM.TERT.FE.ZS','2004 [YR2004]',1.79999995231628),('MLT','SL.UEM.TERT.FE.ZS','2005 [YR2005]',9),('MLT','SL.UEM.TERT.FE.ZS','2006 [YR2006]',8.60000038146973),('MLT','SL.UEM.TERT.FE.ZS','2007 [YR2007]',7.69999980926514),('MLT','SL.UEM.TERT.FE.ZS','2008 [YR2008]',4.90000009536743),('MLT','SL.UEM.TERT.FE.ZS','2009 [YR2009]',10.6000003814697),('MLT','SL.UEM.TERT.FE.ZS','2010 [YR2010]',7.30000019073486),('MLT','SL.UEM.TERT.FE.ZS','2011 [YR2011]',8.89999961853027),('MLT','SL.UEM.TERT.FE.ZS','2012 [YR2012]',11.6999998092651),('MLT','SL.UEM.TERT.FE.ZS','2013 [YR2013]',12.6000003814697),('MLT','SL.UEM.TERT.FE.ZS','2014 [YR2014]',17.5),('MLT','SL.UEM.TERT.MA.ZS','1998 [YR1998]',2.29999995231628),('MLT','SL.UEM.TERT.MA.ZS','1999 [YR1999]',2.90000009536743),('MLT','SL.UEM.TERT.MA.ZS','2000 [YR2000]',2.79999995231628),('MLT','SL.UEM.TERT.MA.ZS','2001 [YR2001]',2.09999990463257),('MLT','SL.UEM.TERT.MA.ZS','2002 [YR2002]',0),('MLT','SL.UEM.TERT.MA.ZS','2003 [YR2003]',7),('MLT','SL.UEM.TERT.MA.ZS','2004 [YR2004]',3.40000009536743),('MLT','SL.UEM.TERT.MA.ZS','2005 [YR2005]',4.19999980926514),('MLT','SL.UEM.TERT.MA.ZS','2006 [YR2006]',4.59999990463257),('MLT','SL.UEM.TERT.MA.ZS','2007 [YR2007]',5),('MLT','SL.UEM.TERT.MA.ZS','2008 [YR2008]',3.09999990463257),('MLT','SL.UEM.TERT.MA.ZS','2009 [YR2009]',4.59999990463257),('MLT','SL.UEM.TERT.MA.ZS','2010 [YR2010]',3.70000004768372),('MLT','SL.UEM.TERT.MA.ZS','2011 [YR2011]',4),('MLT','SL.UEM.TERT.MA.ZS','2012 [YR2012]',7.59999990463257),('MLT','SL.UEM.TERT.MA.ZS','2013 [YR2013]',7.90000009536743),('MLT','SL.UEM.TERT.MA.ZS','2014 [YR2014]',8.19999980926514),('MNG','SL.UEM.TERT.FE.ZS','2002 [YR2002]',31.2000007629395),('MNG','SL.UEM.TERT.FE.ZS','2003 [YR2003]',13.5),('MNG','SL.UEM.TERT.FE.ZS','2007 [YR2007]',15.6999998092651),('MNG','SL.UEM.TERT.FE.ZS','2008 [YR2008]',14.8999996185303),('MNG','SL.UEM.TERT.FE.ZS','2009 [YR2009]',24.3999996185303),('MNG','SL.UEM.TERT.FE.ZS','2010 [YR2010]',26.1000003814697),('MNG','SL.UEM.TERT.FE.ZS','2011 [YR2011]',33),('MNG','SL.UEM.TERT.FE.ZS','2012 [YR2012]',24.1000003814697),('MNG','SL.UEM.TERT.FE.ZS','2013 [YR2013]',33),('MNG','SL.UEM.TERT.MA.ZS','2002 [YR2002]',19.7000007629395),('MNG','SL.UEM.TERT.MA.ZS','2003 [YR2003]',6.5),('MNG','SL.UEM.TERT.MA.ZS','2007 [YR2007]',7),('MNG','SL.UEM.TERT.MA.ZS','2008 [YR2008]',10.5),('MNG','SL.UEM.TERT.MA.ZS','2009 [YR2009]',16.5),('MNG','SL.UEM.TERT.MA.ZS','2010 [YR2010]',14.6000003814697),('MNG','SL.UEM.TERT.MA.ZS','2011 [YR2011]',19.1000003814697),('MNG','SL.UEM.TERT.MA.ZS','2012 [YR2012]',17.7000007629395),('MNG','SL.UEM.TERT.MA.ZS','2013 [YR2013]',18.7999992370605),('MUS','SL.UEM.TERT.FE.ZS','2004 [YR2004]',5.19999980926514),('MUS','SL.UEM.TERT.FE.ZS','2005 [YR2005]',5),('MUS','SL.UEM.TERT.FE.ZS','2006 [YR2006]',4.19999980926514),('MUS','SL.UEM.TERT.FE.ZS','2007 [YR2007]',5.30000019073486),('MUS','SL.UEM.TERT.FE.ZS','2008 [YR2008]',4.30000019073486),('MUS','SL.UEM.TERT.FE.ZS','2009 [YR2009]',5.40000009536743),('MUS','SL.UEM.TERT.FE.ZS','2010 [YR2010]',7),('MUS','SL.UEM.TERT.FE.ZS','2012 [YR2012]',20.3999996185303),('MUS','SL.UEM.TERT.MA.ZS','2004 [YR2004]',4.90000009536743),('MUS','SL.UEM.TERT.MA.ZS','2005 [YR2005]',5.90000009536743),('MUS','SL.UEM.TERT.MA.ZS','2006 [YR2006]',4.09999990463257),('MUS','SL.UEM.TERT.MA.ZS','2007 [YR2007]',8.10000038146973),('MUS','SL.UEM.TERT.MA.ZS','2008 [YR2008]',6.80000019073486),('MUS','SL.UEM.TERT.MA.ZS','2009 [YR2009]',7),('MUS','SL.UEM.TERT.MA.ZS','2010 [YR2010]',9.60000038146973),('MUS','SL.UEM.TERT.MA.ZS','2012 [YR2012]',19.2000007629395),('MYS','SL.UEM.TERT.FE.ZS','1998 [YR1998]',18.3999996185303),('MYS','SL.UEM.TERT.FE.ZS','1999 [YR1999]',21.7000007629395),('MYS','SL.UEM.TERT.FE.ZS','2000 [YR2000]',23.5),('MYS','SL.UEM.TERT.FE.ZS','2001 [YR2001]',21.1000003814697),('MYS','SL.UEM.TERT.FE.ZS','2002 [YR2002]',24.7000007629395),('MYS','SL.UEM.TERT.FE.ZS','2003 [YR2003]',25.6000003814697),('MYS','SL.UEM.TERT.FE.ZS','2004 [YR2004]',29.2999992370605),('MYS','SL.UEM.TERT.FE.ZS','2005 [YR2005]',33),('MYS','SL.UEM.TERT.FE.ZS','2006 [YR2006]',35.4000015258789),('MYS','SL.UEM.TERT.FE.ZS','2007 [YR2007]',34.7999992370605),('MYS','SL.UEM.TERT.FE.ZS','2008 [YR2008]',32.2999992370605),('MYS','SL.UEM.TERT.FE.ZS','2011 [YR2011]',41.4000015258789),('MYS','SL.UEM.TERT.FE.ZS','2012 [YR2012]',40.9000015258789),('MYS','SL.UEM.TERT.FE.ZS','2013 [YR2013]',33.9000015258789),('MYS','SL.UEM.TERT.FE.ZS','2014 [YR2014]',39),('MYS','SL.UEM.TERT.MA.ZS','1998 [YR1998]',9.80000019073486),('MYS','SL.UEM.TERT.MA.ZS','1999 [YR1999]',10.3000001907349),('MYS','SL.UEM.TERT.MA.ZS','2000 [YR2000]',10.6000003814697),('MYS','SL.UEM.TERT.MA.ZS','2001 [YR2001]',10.8999996185303),('MYS','SL.UEM.TERT.MA.ZS','2002 [YR2002]',14.3000001907349),('MYS','SL.UEM.TERT.MA.ZS','2003 [YR2003]',15.1000003814697),('MYS','SL.UEM.TERT.MA.ZS','2004 [YR2004]',15.6000003814697),('MYS','SL.UEM.TERT.MA.ZS','2005 [YR2005]',17.8999996185303),('MYS','SL.UEM.TERT.MA.ZS','2006 [YR2006]',18.2999992370605),('MYS','SL.UEM.TERT.MA.ZS','2007 [YR2007]',19),('MYS','SL.UEM.TERT.MA.ZS','2008 [YR2008]',20),('MYS','SL.UEM.TERT.MA.ZS','2011 [YR2011]',22.5),('MYS','SL.UEM.TERT.MA.ZS','2012 [YR2012]',18.8999996185303),('MYS','SL.UEM.TERT.MA.ZS','2013 [YR2013]',16.5),('MYS','SL.UEM.TERT.MA.ZS','2014 [YR2014]',21),('NAM','SL.UEM.TERT.FE.ZS','2010 [YR2010]',2.59999990463257),('NAM','SL.UEM.TERT.FE.ZS','2012 [YR2012]',0.899999976158142),('NAM','SL.UEM.TERT.MA.ZS','2010 [YR2010]',1.79999995231628),('NAM','SL.UEM.TERT.MA.ZS','2012 [YR2012]',1.5),('NZL','SL.UEM.TERT.FE.ZS','1998 [YR1998]',12.8000001907349),('NZL','SL.UEM.TERT.FE.ZS','1999 [YR1999]',10.3000001907349),('NZL','SL.UEM.TERT.FE.ZS','2000 [YR2000]',13.8000001907349),('NZL','SL.UEM.TERT.FE.ZS','2001 [YR2001]',13),('NZL','SL.UEM.TERT.FE.ZS','2002 [YR2002]',13.6000003814697),('NZL','SL.UEM.TERT.FE.ZS','2003 [YR2003]',14.1999998092651),('NZL','SL.UEM.TERT.FE.ZS','2004 [YR2004]',27.3999996185303),('NZL','SL.UEM.TERT.FE.ZS','2005 [YR2005]',25.5),('NZL','SL.UEM.TERT.FE.ZS','2006 [YR2006]',29.8999996185303),('NZL','SL.UEM.TERT.FE.ZS','2007 [YR2007]',30),('NZL','SL.UEM.TERT.FE.ZS','2008 [YR2008]',30.2999992370605),('NZL','SL.UEM.TERT.MA.ZS','1998 [YR1998]',8.80000019073486),('NZL','SL.UEM.TERT.MA.ZS','1999 [YR1999]',9.30000019073486),('NZL','SL.UEM.TERT.MA.ZS','2000 [YR2000]',10.6000003814697),('NZL','SL.UEM.TERT.MA.ZS','2001 [YR2001]',10),('NZL','SL.UEM.TERT.MA.ZS','2002 [YR2002]',10.3000001907349),('NZL','SL.UEM.TERT.MA.ZS','2003 [YR2003]',14.8000001907349),('NZL','SL.UEM.TERT.MA.ZS','2004 [YR2004]',22.6000003814697),('NZL','SL.UEM.TERT.MA.ZS','2005 [YR2005]',23.5),('NZL','SL.UEM.TERT.MA.ZS','2006 [YR2006]',22.5),('NZL','SL.UEM.TERT.MA.ZS','2007 [YR2007]',22.8999996185303),('NZL','SL.UEM.TERT.MA.ZS','2008 [YR2008]',21.5),('PAK','SL.UEM.TERT.FE.ZS','2000 [YR2000]',13.3000001907349),('PAK','SL.UEM.TERT.FE.ZS','2001 [YR2001]',13.3999996185303),('PAK','SL.UEM.TERT.FE.ZS','2002 [YR2002]',18.5),('PAK','SL.UEM.TERT.FE.ZS','2003 [YR2003]',18.5),('PAK','SL.UEM.TERT.FE.ZS','2004 [YR2004]',21.6000003814697),('PAK','SL.UEM.TERT.FE.ZS','2005 [YR2005]',21.6000003814697),('PAK','SL.UEM.TERT.FE.ZS','2006 [YR2006]',19.7000007629395),('PAK','SL.UEM.TERT.FE.ZS','2007 [YR2007]',18.6000003814697),('PAK','SL.UEM.TERT.FE.ZS','2008 [YR2008]',22.3999996185303),('PAK','SL.UEM.TERT.MA.ZS','2000 [YR2000]',24.5),('PAK','SL.UEM.TERT.MA.ZS','2001 [YR2001]',24.3999996185303),('PAK','SL.UEM.TERT.MA.ZS','2002 [YR2002]',26.7999992370605),('PAK','SL.UEM.TERT.MA.ZS','2003 [YR2003]',26.7000007629395),('PAK','SL.UEM.TERT.MA.ZS','2004 [YR2004]',32.2000007629395),('PAK','SL.UEM.TERT.MA.ZS','2005 [YR2005]',32.2000007629395),('PAK','SL.UEM.TERT.MA.ZS','2006 [YR2006]',30),('PAK','SL.UEM.TERT.MA.ZS','2007 [YR2007]',29.7000007629395),('PAK','SL.UEM.TERT.MA.ZS','2008 [YR2008]',30.8999996185303),('PHL','SL.UEM.TERT.FE.ZS','1998 [YR1998]',34.7000007629395),('PHL','SL.UEM.TERT.FE.ZS','1999 [YR1999]',36.9000015258789),('PHL','SL.UEM.TERT.FE.ZS','2000 [YR2000]',37.4000015258789),('PHL','SL.UEM.TERT.FE.ZS','2001 [YR2001]',38.5999984741211),('PHL','SL.UEM.TERT.FE.ZS','2002 [YR2002]',40),('PHL','SL.UEM.TERT.FE.ZS','2003 [YR2003]',39.2999992370605),('PHL','SL.UEM.TERT.FE.ZS','2004 [YR2004]',37.5999984741211),('PHL','SL.UEM.TERT.FE.ZS','2005 [YR2005]',44.5999984741211),('PHL','SL.UEM.TERT.FE.ZS','2006 [YR2006]',43.9000015258789),('PHL','SL.UEM.TERT.FE.ZS','2007 [YR2007]',43.7000007629395),('PHL','SL.UEM.TERT.FE.ZS','2008 [YR2008]',46.5999984741211),('PHL','SL.UEM.TERT.MA.ZS','1998 [YR1998]',28),('PHL','SL.UEM.TERT.MA.ZS','1999 [YR1999]',30.5),('PHL','SL.UEM.TERT.MA.ZS','2000 [YR2000]',30.1000003814697),('PHL','SL.UEM.TERT.MA.ZS','2001 [YR2001]',30),('PHL','SL.UEM.TERT.MA.ZS','2002 [YR2002]',31),('PHL','SL.UEM.TERT.MA.ZS','2003 [YR2003]',32),('PHL','SL.UEM.TERT.MA.ZS','2004 [YR2004]',31.7000007629395),('PHL','SL.UEM.TERT.MA.ZS','2005 [YR2005]',36.4000015258789),('PHL','SL.UEM.TERT.MA.ZS','2006 [YR2006]',35.2999992370605),('PHL','SL.UEM.TERT.MA.ZS','2007 [YR2007]',35),('PHL','SL.UEM.TERT.MA.ZS','2008 [YR2008]',36.0999984741211),('QAT','SL.UEM.TERT.FE.ZS','2006 [YR2006]',36.7999992370605),('QAT','SL.UEM.TERT.FE.ZS','2007 [YR2007]',31.6000003814697),('QAT','SL.UEM.TERT.FE.ZS','2008 [YR2008]',20.7000007629395),('QAT','SL.UEM.TERT.FE.ZS','2009 [YR2009]',21.2999992370605),('QAT','SL.UEM.TERT.FE.ZS','2011 [YR2011]',45.0999984741211),('QAT','SL.UEM.TERT.FE.ZS','2012 [YR2012]',46.2000007629395),('QAT','SL.UEM.TERT.FE.ZS','2013 [YR2013]',45.7000007629395),('QAT','SL.UEM.TERT.MA.ZS','2006 [YR2006]',13.1999998092651),('QAT','SL.UEM.TERT.MA.ZS','2007 [YR2007]',10.8000001907349),('QAT','SL.UEM.TERT.MA.ZS','2008 [YR2008]',19.2999992370605),('QAT','SL.UEM.TERT.MA.ZS','2009 [YR2009]',31.2000007629395),('QAT','SL.UEM.TERT.MA.ZS','2011 [YR2011]',40.0999984741211),('QAT','SL.UEM.TERT.MA.ZS','2012 [YR2012]',19.6000003814697),('QAT','SL.UEM.TERT.MA.ZS','2013 [YR2013]',25.1000003814697),('RWA','SL.UEM.TERT.FE.ZS','2000 [YR2000]',9.39999961853027),('RWA','SL.UEM.TERT.MA.ZS','2000 [YR2000]',0.5),('SAU','SL.UEM.TERT.FE.ZS','1999 [YR1999]',39.0999984741211),('SAU','SL.UEM.TERT.FE.ZS','2000 [YR2000]',43),('SAU','SL.UEM.TERT.FE.ZS','2001 [YR2001]',37.2000007629395),('SAU','SL.UEM.TERT.FE.ZS','2002 [YR2002]',49.5999984741211),('SAU','SL.UEM.TERT.FE.ZS','2006 [YR2006]',64.3000030517578),('SAU','SL.UEM.TERT.FE.ZS','2007 [YR2007]',68.8000030517578),('SAU','SL.UEM.TERT.FE.ZS','2008 [YR2008]',76.4000015258789),('SAU','SL.UEM.TERT.FE.ZS','2009 [YR2009]',77.6999969482422),('SAU','SL.UEM.TERT.FE.ZS','2011 [YR2011]',61.2999992370605),('SAU','SL.UEM.TERT.FE.ZS','2012 [YR2012]',73.9000015258789),('SAU','SL.UEM.TERT.MA.ZS','1999 [YR1999]',6.90000009536743),('SAU','SL.UEM.TERT.MA.ZS','2000 [YR2000]',7.5),('SAU','SL.UEM.TERT.MA.ZS','2001 [YR2001]',14.8000001907349),('SAU','SL.UEM.TERT.MA.ZS','2002 [YR2002]',6.5),('SAU','SL.UEM.TERT.MA.ZS','2006 [YR2006]',11.6000003814697),('SAU','SL.UEM.TERT.MA.ZS','2007 [YR2007]',9.89999961853027),('SAU','SL.UEM.TERT.MA.ZS','2008 [YR2008]',13.3000001907349),('SAU','SL.UEM.TERT.MA.ZS','2009 [YR2009]',16.6000003814697),('SAU','SL.UEM.TERT.MA.ZS','2011 [YR2011]',11.6000003814697),('SAU','SL.UEM.TERT.MA.ZS','2012 [YR2012]',14.8000001907349),('SEN','SL.UEM.TERT.FE.ZS','2006 [YR2006]',2.09999990463257),('SEN','SL.UEM.TERT.MA.ZS','2006 [YR2006]',2.79999995231628),('SGP','SL.UEM.TERT.FE.ZS','1998 [YR1998]',14.1999998092651),('SGP','SL.UEM.TERT.FE.ZS','1999 [YR1999]',13.8000001907349),('SGP','SL.UEM.TERT.FE.ZS','2001 [YR2001]',13.3999996185303),('SGP','SL.UEM.TERT.FE.ZS','2002 [YR2002]',19.5),('SGP','SL.UEM.TERT.FE.ZS','2003 [YR2003]',20.7000007629395),('SGP','SL.UEM.TERT.FE.ZS','2004 [YR2004]',20.8999996185303),('SGP','SL.UEM.TERT.FE.ZS','2006 [YR2006]',20.7999992370605),('SGP','SL.UEM.TERT.FE.ZS','2007 [YR2007]',25),('SGP','SL.UEM.TERT.FE.ZS','2008 [YR2008]',28.1000003814697),('SGP','SL.UEM.TERT.FE.ZS','2009 [YR2009]',27.3999996185303),('SGP','SL.UEM.TERT.FE.ZS','2010 [YR2010]',28.2000007629395),('SGP','SL.UEM.TERT.FE.ZS','2011 [YR2011]',25.2999992370605),('SGP','SL.UEM.TERT.FE.ZS','2012 [YR2012]',26.1000003814697),('SGP','SL.UEM.TERT.FE.ZS','2013 [YR2013]',50.5),('SGP','SL.UEM.TERT.MA.ZS','1998 [YR1998]',12.3000001907349),('SGP','SL.UEM.TERT.MA.ZS','1999 [YR1999]',10.8000001907349),('SGP','SL.UEM.TERT.MA.ZS','2001 [YR2001]',11.8000001907349),('SGP','SL.UEM.TERT.MA.ZS','2002 [YR2002]',13.8999996185303),('SGP','SL.UEM.TERT.MA.ZS','2003 [YR2003]',17.2999992370605),('SGP','SL.UEM.TERT.MA.ZS','2004 [YR2004]',16.5),('SGP','SL.UEM.TERT.MA.ZS','2006 [YR2006]',18.1000003814697),('SGP','SL.UEM.TERT.MA.ZS','2007 [YR2007]',17.7000007629395),('SGP','SL.UEM.TERT.MA.ZS','2008 [YR2008]',21.7000007629395),('SGP','SL.UEM.TERT.MA.ZS','2009 [YR2009]',22.2999992370605),('SGP','SL.UEM.TERT.MA.ZS','2010 [YR2010]',21.2999992370605),('SGP','SL.UEM.TERT.MA.ZS','2011 [YR2011]',23.6000003814697),('SGP','SL.UEM.TERT.MA.ZS','2012 [YR2012]',25.7999992370605),('SGP','SL.UEM.TERT.MA.ZS','2013 [YR2013]',48),('SYR','SL.UEM.TERT.FE.ZS','2006 [YR2006]',7.19999980926514),('SYR','SL.UEM.TERT.FE.ZS','2007 [YR2007]',6.5),('SYR','SL.UEM.TERT.FE.ZS','2008 [YR2008]',8.10000038146973),('SYR','SL.UEM.TERT.MA.ZS','2006 [YR2006]',5),('SYR','SL.UEM.TERT.MA.ZS','2007 [YR2007]',5.80000019073486),('SYR','SL.UEM.TERT.MA.ZS','2008 [YR2008]',3.09999990463257),('THA','SL.UEM.TERT.FE.ZS','1998 [YR1998]',18.5),('THA','SL.UEM.TERT.FE.ZS','1999 [YR1999]',13.6999998092651),('THA','SL.UEM.TERT.FE.ZS','2000 [YR2000]',21.6000003814697),('THA','SL.UEM.TERT.FE.ZS','2003 [YR2003]',0),('THA','SL.UEM.TERT.FE.ZS','2004 [YR2004]',0),('THA','SL.UEM.TERT.FE.ZS','2005 [YR2005]',0.300000011920929),('THA','SL.UEM.TERT.FE.ZS','2006 [YR2006]',0.200000002980232),('THA','SL.UEM.TERT.FE.ZS','2007 [YR2007]',0),('THA','SL.UEM.TERT.FE.ZS','2008 [YR2008]',32.2000007629395),('THA','SL.UEM.TERT.FE.ZS','2009 [YR2009]',35.0999984741211),('THA','SL.UEM.TERT.FE.ZS','2010 [YR2010]',43.0999984741211),('THA','SL.UEM.TERT.FE.ZS','2011 [YR2011]',42.9000015258789),('THA','SL.UEM.TERT.FE.ZS','2012 [YR2012]',44.2999992370605),('THA','SL.UEM.TERT.FE.ZS','2013 [YR2013]',44.4000015258789),('THA','SL.UEM.TERT.MA.ZS','1998 [YR1998]',15.3999996185303),('THA','SL.UEM.TERT.MA.ZS','1999 [YR1999]',12.1999998092651),('THA','SL.UEM.TERT.MA.ZS','2000 [YR2000]',17.2000007629395),('THA','SL.UEM.TERT.MA.ZS','2003 [YR2003]',0.300000011920929),('THA','SL.UEM.TERT.MA.ZS','2004 [YR2004]',0.400000005960464),('THA','SL.UEM.TERT.MA.ZS','2005 [YR2005]',0),('THA','SL.UEM.TERT.MA.ZS','2006 [YR2006]',0.600000023841858),('THA','SL.UEM.TERT.MA.ZS','2007 [YR2007]',0.200000002980232),('THA','SL.UEM.TERT.MA.ZS','2008 [YR2008]',22.3999996185303),('THA','SL.UEM.TERT.MA.ZS','2009 [YR2009]',22.7999992370605),('THA','SL.UEM.TERT.MA.ZS','2010 [YR2010]',24.8999996185303),('THA','SL.UEM.TERT.MA.ZS','2011 [YR2011]',26.5),('THA','SL.UEM.TERT.MA.ZS','2012 [YR2012]',30),('THA','SL.UEM.TERT.MA.ZS','2013 [YR2013]',20.1000003814697),('TMP','SL.UEM.TERT.FE.ZS','2010 [YR2010]',1.29999995231628),('TMP','SL.UEM.TERT.MA.ZS','2010 [YR2010]',12.8999996185303),('TON','SL.UEM.TERT.FE.ZS','2003 [YR2003]',1.5),('TON','SL.UEM.TERT.MA.ZS','2003 [YR2003]',0),('TUN','SL.UEM.TERT.FE.ZS','1999 [YR1999]',7.30000019073486),('TUN','SL.UEM.TERT.FE.ZS','2000 [YR2000]',10.8000001907349),('TUN','SL.UEM.TERT.FE.ZS','2001 [YR2001]',11),('TUN','SL.UEM.TERT.FE.ZS','2002 [YR2002]',12.3000001907349),('TUN','SL.UEM.TERT.FE.ZS','2003 [YR2003]',13.6999998092651),('TUN','SL.UEM.TERT.FE.ZS','2004 [YR2004]',14.1999998092651),('TUN','SL.UEM.TERT.FE.ZS','2005 [YR2005]',23.2999992370605),('TUN','SL.UEM.TERT.MA.ZS','1999 [YR1999]',3.40000009536743),('TUN','SL.UEM.TERT.MA.ZS','2000 [YR2000]',5.09999990463257),('TUN','SL.UEM.TERT.MA.ZS','2001 [YR2001]',5.19999980926514),('TUN','SL.UEM.TERT.MA.ZS','2002 [YR2002]',6.30000019073486),('TUN','SL.UEM.TERT.MA.ZS','2003 [YR2003]',7.09999990463257),('TUN','SL.UEM.TERT.MA.ZS','2004 [YR2004]',6),('TUN','SL.UEM.TERT.MA.ZS','2005 [YR2005]',9),('TZA','SL.UEM.TERT.FE.ZS','2011 [YR2011]',0.5),('TZA','SL.UEM.TERT.FE.ZS','2013 [YR2013]',2.20000004768372),('TZA','SL.UEM.TERT.MA.ZS','2011 [YR2011]',2),('TZA','SL.UEM.TERT.MA.ZS','2013 [YR2013]',3.59999990463257),('WBG','SL.UEM.TERT.FE.ZS','1998 [YR1998]',61.7000007629395),('WBG','SL.UEM.TERT.FE.ZS','1999 [YR1999]',71.6999969482422),('WBG','SL.UEM.TERT.FE.ZS','2000 [YR2000]',74.0999984741211),('WBG','SL.UEM.TERT.FE.ZS','2001 [YR2001]',78.3000030517578),('WBG','SL.UEM.TERT.FE.ZS','2002 [YR2002]',64),('WBG','SL.UEM.TERT.FE.ZS','2003 [YR2003]',71.4000015258789),('WBG','SL.UEM.TERT.FE.ZS','2004 [YR2004]',76.5),('WBG','SL.UEM.TERT.FE.ZS','2005 [YR2005]',75.5),('WBG','SL.UEM.TERT.FE.ZS','2006 [YR2006]',75.0999984741211),('WBG','SL.UEM.TERT.FE.ZS','2007 [YR2007]',81.5),('WBG','SL.UEM.TERT.FE.ZS','2008 [YR2008]',82.4000015258789),('WBG','SL.UEM.TERT.FE.ZS','2009 [YR2009]',86.0999984741211),('WBG','SL.UEM.TERT.FE.ZS','2010 [YR2010]',87.3000030517578),('WBG','SL.UEM.TERT.FE.ZS','2011 [YR2011]',87.5),('WBG','SL.UEM.TERT.FE.ZS','2012 [YR2012]',88.5999984741211),('WBG','SL.UEM.TERT.FE.ZS','2013 [YR2013]',91.4000015258789),('WBG','SL.UEM.TERT.MA.ZS','1998 [YR1998]',12),('WBG','SL.UEM.TERT.MA.ZS','1999 [YR1999]',13),('WBG','SL.UEM.TERT.MA.ZS','2000 [YR2000]',11.1000003814697),('WBG','SL.UEM.TERT.MA.ZS','2001 [YR2001]',8.80000019073486),('WBG','SL.UEM.TERT.MA.ZS','2002 [YR2002]',9.10000038146973),('WBG','SL.UEM.TERT.MA.ZS','2003 [YR2003]',10.6999998092651),('WBG','SL.UEM.TERT.MA.ZS','2004 [YR2004]',10.8000001907349),('WBG','SL.UEM.TERT.MA.ZS','2005 [YR2005]',12.6000003814697),('WBG','SL.UEM.TERT.MA.ZS','2006 [YR2006]',11.8000001907349),('WBG','SL.UEM.TERT.MA.ZS','2007 [YR2007]',12.1000003814697),('WBG','SL.UEM.TERT.MA.ZS','2008 [YR2008]',12.8999996185303),('WBG','SL.UEM.TERT.MA.ZS','2009 [YR2009]',13.6999998092651),('WBG','SL.UEM.TERT.MA.ZS','2010 [YR2010]',13.8000001907349),('WBG','SL.UEM.TERT.MA.ZS','2011 [YR2011]',15.8999996185303),('WBG','SL.UEM.TERT.MA.ZS','2012 [YR2012]',16.7000007629395),('WBG','SL.UEM.TERT.MA.ZS','2013 [YR2013]',16.7999992370605),('ZAF','SL.UEM.TERT.FE.ZS','1998 [YR1998]',4.80000019073486),('ZAF','SL.UEM.TERT.FE.ZS','1999 [YR1999]',4),('ZAF','SL.UEM.TERT.FE.ZS','2000 [YR2000]',6.19999980926514),('ZAF','SL.UEM.TERT.FE.ZS','2001 [YR2001]',6.30000019073486),('ZAF','SL.UEM.TERT.FE.ZS','2002 [YR2002]',5.69999980926514),('ZAF','SL.UEM.TERT.FE.ZS','2003 [YR2003]',5.69999980926514),('ZAF','SL.UEM.TERT.FE.ZS','2004 [YR2004]',4.19999980926514),('ZAF','SL.UEM.TERT.FE.ZS','2005 [YR2005]',4.59999990463257),('ZAF','SL.UEM.TERT.FE.ZS','2006 [YR2006]',4.80000019073486),('ZAF','SL.UEM.TERT.FE.ZS','2007 [YR2007]',5),('ZAF','SL.UEM.TERT.FE.ZS','2008 [YR2008]',0.699999988079071),('ZAF','SL.UEM.TERT.FE.ZS','2012 [YR2012]',7.09999990463257),('ZAF','SL.UEM.TERT.FE.ZS','2013 [YR2013]',8.19999980926514),('ZAF','SL.UEM.TERT.MA.ZS','1998 [YR1998]',3.5),('ZAF','SL.UEM.TERT.MA.ZS','1999 [YR1999]',3.90000009536743),('ZAF','SL.UEM.TERT.MA.ZS','2000 [YR2000]',4.90000009536743),('ZAF','SL.UEM.TERT.MA.ZS','2001 [YR2001]',4.19999980926514),('ZAF','SL.UEM.TERT.MA.ZS','2002 [YR2002]',4.30000019073486),('ZAF','SL.UEM.TERT.MA.ZS','2003 [YR2003]',4),('ZAF','SL.UEM.TERT.MA.ZS','2004 [YR2004]',3.29999995231628),('ZAF','SL.UEM.TERT.MA.ZS','2005 [YR2005]',3.5),('ZAF','SL.UEM.TERT.MA.ZS','2006 [YR2006]',4.09999990463257),('ZAF','SL.UEM.TERT.MA.ZS','2007 [YR2007]',4),('ZAF','SL.UEM.TERT.MA.ZS','2008 [YR2008]',0.899999976158142),('ZAF','SL.UEM.TERT.MA.ZS','2012 [YR2012]',5.19999980926514),('ZAF','SL.UEM.TERT.MA.ZS','2013 [YR2013]',5.5),('ZWE','SL.UEM.TERT.FE.ZS','1999 [YR1999]',1.20000004768372),('ZWE','SL.UEM.TERT.FE.ZS','2004 [YR2004]',0.100000001490116),('ZWE','SL.UEM.TERT.FE.ZS','2011 [YR2011]',1),('ZWE','SL.UEM.TERT.MA.ZS','1999 [YR1999]',0.600000023841858),('ZWE','SL.UEM.TERT.MA.ZS','2004 [YR2004]',0.699999988079071),('ZWE','SL.UEM.TERT.MA.ZS','2011 [YR2011]',3.29999995231628);
/*!40000 ALTER TABLE `data_by_year` ENABLE KEYS */;
UNLOCK TABLES;

--
-- Table structure for table `series`
--

DROP TABLE IF EXISTS `series`;
/*!40101 SET @saved_cs_client     = @@character_set_client */;
/*!40101 SET character_set_client = utf8 */;
CREATE TABLE `series` (
  `SeriesCode` varchar(25) NOT NULL,
  `SeriesName` varchar(255) DEFAULT NULL
) ENGINE=InnoDB DEFAULT CHARSET=utf8;
/*!40101 SET character_set_client = @saved_cs_client */;

--
-- Dumping data for table `series`
--

LOCK TABLES `series` WRITE;
/*!40000 ALTER TABLE `series` DISABLE KEYS */;
INSERT INTO `series` VALUES ('SL.UEM.TERT.FE.ZS','Unemployment with tertiary education, female (% of female unemployment)'),('SL.UEM.TERT.MA.ZS','Unemployment with tertiary education, male (% of male unemployment)');
/*!40000 ALTER TABLE `series` ENABLE KEYS */;
UNLOCK TABLES;

--
-- Table structure for table `series_category`
--

DROP TABLE IF EXISTS `series_category`;
/*!40101 SET @saved_cs_client     = @@character_set_client */;
/*!40101 SET character_set_client = utf8 */;
CREATE TABLE `series_category` (
  `SeriesCode` varchar(25) NOT NULL,
  `SeriesCategoty` varchar(25) DEFAULT NULL
) ENGINE=InnoDB DEFAULT CHARSET=utf8;
/*!40101 SET character_set_client = @saved_cs_client */;

--
-- Dumping data for table `series_category`
--

LOCK TABLES `series_category` WRITE;
/*!40000 ALTER TABLE `series_category` DISABLE KEYS */;
INSERT INTO `series_category` VALUES ('SL.UEM.TERT.FE.ZS','Employment'),('SL.UEM.TERT.MA.ZS','Employment');
/*!40000 ALTER TABLE `series_category` ENABLE KEYS */;
UNLOCK TABLES;
/*!40103 SET TIME_ZONE=@OLD_TIME_ZONE */;

/*!40101 SET SQL_MODE=@OLD_SQL_MODE */;
/*!40014 SET FOREIGN_KEY_CHECKS=@OLD_FOREIGN_KEY_CHECKS */;
/*!40014 SET UNIQUE_CHECKS=@OLD_UNIQUE_CHECKS */;
/*!40101 SET CHARACTER_SET_CLIENT=@OLD_CHARACTER_SET_CLIENT */;
/*!40101 SET CHARACTER_SET_RESULTS=@OLD_CHARACTER_SET_RESULTS */;
/*!40101 SET COLLATION_CONNECTION=@OLD_COLLATION_CONNECTION */;
/*!40111 SET SQL_NOTES=@OLD_SQL_NOTES */;

-- Dump completed on 2017-12-11  3:52:30
